key,group_id,rank,label,similarity,file,path
base/cls,obj001,1,positive,0.15747930109500885,000000000110_d9d8400e25_person_003.jpg,C:\Users\Karsel\Desktop\Final_tool\TransReID\data\dinov2_benchmark_sets\obj001\positives\000000000110_d9d8400e25_person_003.jpg
base/cls,obj001,2,negative,0.08381132781505585,000000000009_4547c12650_bowl_003.jpg,C:\Users\Karsel\Desktop\Final_tool\TransReID\data\dinov2_benchmark_sets\obj002\positives\000000000009_4547c12650_bowl_003.jpg
base/cls,obj001,3,negative,0.0644172951579094,000000000009_4547c12650_bowl_004.jpg,C:\Users\Karsel\Desktop\Final_tool\TransReID\data\dinov2_benchmark_sets\obj002\positives\000000000009_4547c12650_bowl_004.jpg
base/cls,obj001,4,negative,0.05000944808125496,000000000009_4547c12650_bowl_002.jpg,C:\Users\Karsel\Desktop\Final_tool\TransReID\data\dinov2_benchmark_sets\obj002\query\000000000009_4547c12650_bowl_002.jpg
base/cls,obj001,5,negative,0.047451578080654144,000000000089_15825807a0_book_009.jpg,C:\Users\Karsel\Desktop\Final_tool\TransReID\data\dinov2_benchmark_sets\obj009\positives\000000000089_15825807a0_book_009.jpg
base/cls,obj001,6,negative,0.03547287359833717,000000000061_07e10cc871_elephant_002.jpg,C:\Users\Karsel\Desktop\Final_tool\TransReID\data\dinov2_benchmark_sets\obj005\positives\000000000061_07e10cc871_elephant_002.jpg
base/cls,obj001,7,negative,0.031060252338647842,000000000061_07e10cc871_elephant_001.jpg,C:\Users\Karsel\Desktop\Final_tool\TransReID\data\dinov2_benchmark_sets\obj005\query\000000000061_07e10cc871_elephant_001.jpg
base/cls,obj001,8,negative,-0.0033590332604944706,000000000109_75925eea5f_bench_002.jpg,C:\Users\Karsel\Desktop\Final_tool\TransReID\data\dinov2_benchmark_sets\obj010\positives\000000000109_75925eea5f_bench_002.jpg
base/cls,obj001,9,negative,-0.053939737379550934,000000000073_0145c50ed4_motorcycle_001.jpg,C:\Users\Karsel\Desktop\Final_tool\TransReID\data\dinov2_benchmark_sets\obj007\query\000000000073_0145c50ed4_motorcycle_001.jpg
base/cls,obj001,10,negative,-0.06714150309562683,000000000072_46397b6948_giraffe_002.jpg,C:\Users\Karsel\Desktop\Final_tool\TransReID\data\dinov2_benchmark_sets\obj006\positives\000000000072_46397b6948_giraffe_002.jpg
base/cls,obj001,11,negative,-0.07501925528049469,000000000025_88363d6214_giraffe_001.jpg,C:\Users\Karsel\Desktop\Final_tool\TransReID\data\dinov2_benchmark_sets\obj003\query\000000000025_88363d6214_giraffe_001.jpg
base/cls,obj002,1,positive,0.814597487449646,000000000009_4547c12650_bowl_004.jpg,C:\Users\Karsel\Desktop\Final_tool\TransReID\data\dinov2_benchmark_sets\obj002\positives\000000000009_4547c12650_bowl_004.jpg
base/cls,obj002,2,positive,0.701870322227478,000000000009_4547c12650_bowl_003.jpg,C:\Users\Karsel\Desktop\Final_tool\TransReID\data\dinov2_benchmark_sets\obj002\positives\000000000009_4547c12650_bowl_003.jpg
base/cls,obj002,3,negative,0.051733579486608505,000000000089_15825807a0_book_009.jpg,C:\Users\Karsel\Desktop\Final_tool\TransReID\data\dinov2_benchmark_sets\obj009\positives\000000000089_15825807a0_book_009.jpg
base/cls,obj002,4,negative,0.04990288242697716,000000000110_d9d8400e25_person_001.jpg,C:\Users\Karsel\Desktop\Final_tool\TransReID\data\dinov2_benchmark_sets\obj001\query\000000000110_d9d8400e25_person_001.jpg
base/cls,obj002,5,negative,0.030814703553915024,000000000089_15825807a0_book_008.jpg,C:\Users\Karsel\Desktop\Final_tool\TransReID\data\dinov2_benchmark_sets\obj009\query\000000000089_15825807a0_book_008.jpg
base/cls,obj002,6,negative,0.022912632673978806,000000000077_c8263abc6a_person_002.jpg,C:\Users\Karsel\Desktop\Final_tool\TransReID\data\dinov2_benchmark_sets\obj008\positives\000000000077_c8263abc6a_person_002.jpg
base/cls,obj002,7,negative,0.02243291772902012,000000000072_46397b6948_giraffe_001.jpg,C:\Users\Karsel\Desktop\Final_tool\TransReID\data\dinov2_benchmark_sets\obj006\query\000000000072_46397b6948_giraffe_001.jpg
base/cls,obj002,8,negative,0.021271508187055588,000000000025_88363d6214_giraffe_001.jpg,C:\Users\Karsel\Desktop\Final_tool\TransReID\data\dinov2_benchmark_sets\obj003\query\000000000025_88363d6214_giraffe_001.jpg
base/cls,obj002,9,negative,0.019815055653452873,000000000025_88363d6214_giraffe_002.jpg,C:\Users\Karsel\Desktop\Final_tool\TransReID\data\dinov2_benchmark_sets\obj003\positives\000000000025_88363d6214_giraffe_002.jpg
base/cls,obj002,10,negative,0.009601105004549026,000000000072_46397b6948_giraffe_002.jpg,C:\Users\Karsel\Desktop\Final_tool\TransReID\data\dinov2_benchmark_sets\obj006\positives\000000000072_46397b6948_giraffe_002.jpg
base/cls,obj002,11,negative,-0.028129588812589645,000000000077_c8263abc6a_person_001.jpg,C:\Users\Karsel\Desktop\Final_tool\TransReID\data\dinov2_benchmark_sets\obj008\query\000000000077_c8263abc6a_person_001.jpg
base/cls,obj002,12,negative,-0.05282050371170044,000000000110_d9d8400e25_person_003.jpg,C:\Users\Karsel\Desktop\Final_tool\TransReID\data\dinov2_benchmark_sets\obj001\positives\000000000110_d9d8400e25_person_003.jpg
base/cls,obj003,1,positive,0.7937416434288025,000000000025_88363d6214_giraffe_002.jpg,C:\Users\Karsel\Desktop\Final_tool\TransReID\data\dinov2_benchmark_sets\obj003\positives\000000000025_88363d6214_giraffe_002.jpg
base/cls,obj003,2,negative,0.7181875705718994,000000000072_46397b6948_giraffe_001.jpg,C:\Users\Karsel\Desktop\Final_tool\TransReID\data\dinov2_benchmark_sets\obj006\query\000000000072_46397b6948_giraffe_001.jpg
base/cls,obj003,3,negative,0.1560772955417633,000000000061_07e10cc871_elephant_001.jpg,C:\Users\Karsel\Desktop\Final_tool\TransReID\data\dinov2_benchmark_sets\obj005\query\000000000061_07e10cc871_elephant_001.jpg
base/cls,obj003,4,negative,0.12059299647808075,000000000049_137127a32f_horse_002.jpg,C:\Users\Karsel\Desktop\Final_tool\TransReID\data\dinov2_benchmark_sets\obj004\positives\000000000049_137127a32f_horse_002.jpg
base/cls,obj003,5,negative,0.03930503502488136,000000000077_c8263abc6a_person_001.jpg,C:\Users\Karsel\Desktop\Final_tool\TransReID\data\dinov2_benchmark_sets\obj008\query\000000000077_c8263abc6a_person_001.jpg
base/cls,obj003,6,negative,0.038631707429885864,000000000109_75925eea5f_bench_001.jpg,C:\Users\Karsel\Desktop\Final_tool\TransReID\data\dinov2_benchmark_sets\obj010\query\000000000109_75925eea5f_bench_001.jpg
base/cls,obj003,7,negative,0.03577549755573273,000000000009_4547c12650_bowl_004.jpg,C:\Users\Karsel\Desktop\Final_tool\TransReID\data\dinov2_benchmark_sets\obj002\positives\000000000009_4547c12650_bowl_004.jpg
base/cls,obj003,8,negative,0.03521568328142166,000000000089_15825807a0_book_008.jpg,C:\Users\Karsel\Desktop\Final_tool\TransReID\data\dinov2_benchmark_sets\obj009\query\000000000089_15825807a0_book_008.jpg
base/cls,obj003,9,negative,0.02096574194729328,000000000009_4547c12650_bowl_002.jpg,C:\Users\Karsel\Desktop\Final_tool\TransReID\data\dinov2_benchmark_sets\obj002\query\000000000009_4547c12650_bowl_002.jpg
base/cls,obj003,10,negative,-0.009051935747265816,000000000109_75925eea5f_bench_002.jpg,C:\Users\Karsel\Desktop\Final_tool\TransReID\data\dinov2_benchmark_sets\obj010\positives\000000000109_75925eea5f_bench_002.jpg
base/cls,obj003,11,negative,-0.07501925528049469,000000000110_d9d8400e25_person_001.jpg,C:\Users\Karsel\Desktop\Final_tool\TransReID\data\dinov2_benchmark_sets\obj001\query\000000000110_d9d8400e25_person_001.jpg
base/cls,obj004,1,positive,0.7473840117454529,000000000049_137127a32f_horse_002.jpg,C:\Users\Karsel\Desktop\Final_tool\TransReID\data\dinov2_benchmark_sets\obj004\positives\000000000049_137127a32f_horse_002.jpg
base/cls,obj004,2,negative,0.34613126516342163,000000000061_07e10cc871_elephant_002.jpg,C:\Users\Karsel\Desktop\Final_tool\TransReID\data\dinov2_benchmark_sets\obj005\positives\000000000061_07e10cc871_elephant_002.jpg
base/cls,obj004,3,negative,0.1438123881816864,000000000025_88363d6214_giraffe_001.jpg,C:\Users\Karsel\Desktop\Final_tool\TransReID\data\dinov2_benchmark_sets\obj003\query\000000000025_88363d6214_giraffe_001.jpg
base/cls,obj004,4,negative,0.11060173809528351,000000000025_88363d6214_giraffe_002.jpg,C:\Users\Karsel\Desktop\Final_tool\TransReID\data\dinov2_benchmark_sets\obj003\positives\000000000025_88363d6214_giraffe_002.jpg
base/cls,obj004,5,negative,0.08946727216243744,000000000072_46397b6948_giraffe_002.jpg,C:\Users\Karsel\Desktop\Final_tool\TransReID\data\dinov2_benchmark_sets\obj006\positives\000000000072_46397b6948_giraffe_002.jpg
base/cls,obj004,6,negative,0.06936539709568024,000000000077_c8263abc6a_person_002.jpg,C:\Users\Karsel\Desktop\Final_tool\TransReID\data\dinov2_benchmark_sets\obj008\positives\000000000077_c8263abc6a_person_002.jpg
base/cls,obj004,7,negative,0.05024717003107071,000000000073_0145c50ed4_motorcycle_002.jpg,C:\Users\Karsel\Desktop\Final_tool\TransReID\data\dinov2_benchmark_sets\obj007\positives\000000000073_0145c50ed4_motorcycle_002.jpg
base/cls,obj004,8,negative,0.04417363926768303,000000000009_4547c12650_bowl_004.jpg,C:\Users\Karsel\Desktop\Final_tool\TransReID\data\dinov2_benchmark_sets\obj002\positives\000000000009_4547c12650_bowl_004.jpg
base/cls,obj004,9,negative,0.005772445350885391,000000000089_15825807a0_book_008.jpg,C:\Users\Karsel\Desktop\Final_tool\TransReID\data\dinov2_benchmark_sets\obj009\query\000000000089_15825807a0_book_008.jpg
base/cls,obj004,10,negative,-0.00363711453974247,000000000073_0145c50ed4_motorcycle_001.jpg,C:\Users\Karsel\Desktop\Final_tool\TransReID\data\dinov2_benchmark_sets\obj007\query\000000000073_0145c50ed4_motorcycle_001.jpg
base/cls,obj004,11,negative,-0.011286846362054348,000000000110_d9d8400e25_person_003.jpg,C:\Users\Karsel\Desktop\Final_tool\TransReID\data\dinov2_benchmark_sets\obj001\positives\000000000110_d9d8400e25_person_003.jpg
base/cls,obj005,1,positive,0.6190289258956909,000000000061_07e10cc871_elephant_002.jpg,C:\Users\Karsel\Desktop\Final_tool\TransReID\data\dinov2_benchmark_sets\obj005\positives\000000000061_07e10cc871_elephant_002.jpg
base/cls,obj005,2,negative,0.26551923155784607,000000000049_137127a32f_horse_002.jpg,C:\Users\Karsel\Desktop\Final_tool\TransReID\data\dinov2_benchmark_sets\obj004\positives\000000000049_137127a32f_horse_002.jpg
base/cls,obj005,3,negative,0.22578538954257965,000000000049_137127a32f_horse_001.jpg,C:\Users\Karsel\Desktop\Final_tool\TransReID\data\dinov2_benchmark_sets\obj004\query\000000000049_137127a32f_horse_001.jpg
base/cls,obj005,4,negative,0.1253959834575653,000000000025_88363d6214_giraffe_002.jpg,C:\Users\Karsel\Desktop\Final_tool\TransReID\data\dinov2_benchmark_sets\obj003\positives\000000000025_88363d6214_giraffe_002.jpg
base/cls,obj005,5,negative,0.10571929812431335,000000000089_15825807a0_book_008.jpg,C:\Users\Karsel\Desktop\Final_tool\TransReID\data\dinov2_benchmark_sets\obj009\query\000000000089_15825807a0_book_008.jpg
base/cls,obj005,6,negative,0.06418123841285706,000000000109_75925eea5f_bench_001.jpg,C:\Users\Karsel\Desktop\Final_tool\TransReID\data\dinov2_benchmark_sets\obj010\query\000000000109_75925eea5f_bench_001.jpg
base/cls,obj005,7,negative,0.03785788267850876,000000000109_75925eea5f_bench_002.jpg,C:\Users\Karsel\Desktop\Final_tool\TransReID\data\dinov2_benchmark_sets\obj010\positives\000000000109_75925eea5f_bench_002.jpg
base/cls,obj005,8,negative,0.03422074764966965,000000000089_15825807a0_book_009.jpg,C:\Users\Karsel\Desktop\Final_tool\TransReID\data\dinov2_benchmark_sets\obj009\positives\000000000089_15825807a0_book_009.jpg
base/cls,obj005,9,negative,0.022959496825933456,000000000110_d9d8400e25_person_003.jpg,C:\Users\Karsel\Desktop\Final_tool\TransReID\data\dinov2_benchmark_sets\obj001\positives\000000000110_d9d8400e25_person_003.jpg
base/cls,obj005,10,negative,0.012570943683385849,000000000073_0145c50ed4_motorcycle_001.jpg,C:\Users\Karsel\Desktop\Final_tool\TransReID\data\dinov2_benchmark_sets\obj007\query\000000000073_0145c50ed4_motorcycle_001.jpg
base/cls,obj005,11,negative,0.0073843058198690414,000000000077_c8263abc6a_person_002.jpg,C:\Users\Karsel\Desktop\Final_tool\TransReID\data\dinov2_benchmark_sets\obj008\positives\000000000077_c8263abc6a_person_002.jpg
base/cls,obj006,1,positive,0.8005509376525879,000000000072_46397b6948_giraffe_002.jpg,C:\Users\Karsel\Desktop\Final_tool\TransReID\data\dinov2_benchmark_sets\obj006\positives\000000000072_46397b6948_giraffe_002.jpg
base/cls,obj006,2,negative,0.724105954170227,000000000025_88363d6214_giraffe_002.jpg,C:\Users\Karsel\Desktop\Final_tool\TransReID\data\dinov2_benchmark_sets\obj003\positives\000000000025_88363d6214_giraffe_002.jpg
base/cls,obj006,3,negative,0.17423158884048462,000000000061_07e10cc871_elephant_002.jpg,C:\Users\Karsel\Desktop\Final_tool\TransReID\data\dinov2_benchmark_sets\obj005\positives\000000000061_07e10cc871_elephant_002.jpg
base/cls,obj006,4,negative,0.13154065608978271,000000000061_07e10cc871_elephant_001.jpg,C:\Users\Karsel\Desktop\Final_tool\TransReID\data\dinov2_benchmark_sets\obj005\query\000000000061_07e10cc871_elephant_001.jpg
base/cls,obj006,5,negative,0.04619654268026352,000000000009_4547c12650_bowl_004.jpg,C:\Users\Karsel\Desktop\Final_tool\TransReID\data\dinov2_benchmark_sets\obj002\positives\000000000009_4547c12650_bowl_004.jpg
base/cls,obj006,6,negative,0.03501167148351669,000000000109_75925eea5f_bench_001.jpg,C:\Users\Karsel\Desktop\Final_tool\TransReID\data\dinov2_benchmark_sets\obj010\query\000000000109_75925eea5f_bench_001.jpg
base/cls,obj006,7,negative,0.03201195225119591,000000000009_4547c12650_bowl_003.jpg,C:\Users\Karsel\Desktop\Final_tool\TransReID\data\dinov2_benchmark_sets\obj002\positives\000000000009_4547c12650_bowl_003.jpg
base/cls,obj006,8,negative,0.003188144415616989,000000000089_15825807a0_book_009.jpg,C:\Users\Karsel\Desktop\Final_tool\TransReID\data\dinov2_benchmark_sets\obj009\positives\000000000089_15825807a0_book_009.jpg
base/cls,obj006,9,negative,-0.016325702890753746,000000000073_0145c50ed4_motorcycle_001.jpg,C:\Users\Karsel\Desktop\Final_tool\TransReID\data\dinov2_benchmark_sets\obj007\query\000000000073_0145c50ed4_motorcycle_001.jpg
base/cls,obj006,10,negative,-0.040546923875808716,000000000110_d9d8400e25_person_003.jpg,C:\Users\Karsel\Desktop\Final_tool\TransReID\data\dinov2_benchmark_sets\obj001\positives\000000000110_d9d8400e25_person_003.jpg
base/cls,obj006,11,negative,-0.05645802617073059,000000000110_d9d8400e25_person_001.jpg,C:\Users\Karsel\Desktop\Final_tool\TransReID\data\dinov2_benchmark_sets\obj001\query\000000000110_d9d8400e25_person_001.jpg
base/cls,obj007,1,positive,0.6306736469268799,000000000073_0145c50ed4_motorcycle_002.jpg,C:\Users\Karsel\Desktop\Final_tool\TransReID\data\dinov2_benchmark_sets\obj007\positives\000000000073_0145c50ed4_motorcycle_002.jpg
base/cls,obj007,2,negative,0.01992606744170189,000000000061_07e10cc871_elephant_002.jpg,C:\Users\Karsel\Desktop\Final_tool\TransReID\data\dinov2_benchmark_sets\obj005\positives\000000000061_07e10cc871_elephant_002.jpg
base/cls,obj007,3,negative,0.007718304172158241,000000000072_46397b6948_giraffe_002.jpg,C:\Users\Karsel\Desktop\Final_tool\TransReID\data\dinov2_benchmark_sets\obj006\positives\000000000072_46397b6948_giraffe_002.jpg
base/cls,obj007,4,negative,-0.0036371126770973206,000000000049_137127a32f_horse_001.jpg,C:\Users\Karsel\Desktop\Final_tool\TransReID\data\dinov2_benchmark_sets\obj004\query\000000000049_137127a32f_horse_001.jpg
base/cls,obj007,5,negative,-0.010400697588920593,000000000025_88363d6214_giraffe_001.jpg,C:\Users\Karsel\Desktop\Final_tool\TransReID\data\dinov2_benchmark_sets\obj003\query\000000000025_88363d6214_giraffe_001.jpg
base/cls,obj007,6,negative,-0.016325706616044044,000000000072_46397b6948_giraffe_001.jpg,C:\Users\Karsel\Desktop\Final_tool\TransReID\data\dinov2_benchmark_sets\obj006\query\000000000072_46397b6948_giraffe_001.jpg
base/cls,obj007,7,negative,-0.025349657982587814,000000000109_75925eea5f_bench_001.jpg,C:\Users\Karsel\Desktop\Final_tool\TransReID\data\dinov2_benchmark_sets\obj010\query\000000000109_75925eea5f_bench_001.jpg
base/cls,obj007,8,negative,-0.02947695180773735,000000000009_4547c12650_bowl_004.jpg,C:\Users\Karsel\Desktop\Final_tool\TransReID\data\dinov2_benchmark_sets\obj002\positives\000000000009_4547c12650_bowl_004.jpg
base/cls,obj007,9,negative,-0.03328544646501541,000000000009_4547c12650_bowl_003.jpg,C:\Users\Karsel\Desktop\Final_tool\TransReID\data\dinov2_benchmark_sets\obj002\positives\000000000009_4547c12650_bowl_003.jpg
base/cls,obj007,10,negative,-0.03559233993291855,000000000109_75925eea5f_bench_002.jpg,C:\Users\Karsel\Desktop\Final_tool\TransReID\data\dinov2_benchmark_sets\obj010\positives\000000000109_75925eea5f_bench_002.jpg
base/cls,obj007,11,negative,-0.042258139699697495,000000000009_4547c12650_bowl_002.jpg,C:\Users\Karsel\Desktop\Final_tool\TransReID\data\dinov2_benchmark_sets\obj002\query\000000000009_4547c12650_bowl_002.jpg
base/cls,obj008,1,positive,0.515823483467102,000000000077_c8263abc6a_person_002.jpg,C:\Users\Karsel\Desktop\Final_tool\TransReID\data\dinov2_benchmark_sets\obj008\positives\000000000077_c8263abc6a_person_002.jpg
base/cls,obj008,2,negative,0.08135879039764404,000000000049_137127a32f_horse_002.jpg,C:\Users\Karsel\Desktop\Final_tool\TransReID\data\dinov2_benchmark_sets\obj004\positives\000000000049_137127a32f_horse_002.jpg
base/cls,obj008,3,negative,0.07799515128135681,000000000025_88363d6214_giraffe_002.jpg,C:\Users\Karsel\Desktop\Final_tool\TransReID\data\dinov2_benchmark_sets\obj003\positives\000000000025_88363d6214_giraffe_002.jpg
base/cls,obj008,4,negative,0.05063599348068237,000000000072_46397b6948_giraffe_001.jpg,C:\Users\Karsel\Desktop\Final_tool\TransReID\data\dinov2_benchmark_sets\obj006\query\000000000072_46397b6948_giraffe_001.jpg
base/cls,obj008,5,negative,0.042578570544719696,000000000072_46397b6948_giraffe_002.jpg,C:\Users\Karsel\Desktop\Final_tool\TransReID\data\dinov2_benchmark_sets\obj006\positives\000000000072_46397b6948_giraffe_002.jpg
base/cls,obj008,6,negative,0.02525966987013817,000000000061_07e10cc871_elephant_001.jpg,C:\Users\Karsel\Desktop\Final_tool\TransReID\data\dinov2_benchmark_sets\obj005\query\000000000061_07e10cc871_elephant_001.jpg
base/cls,obj008,7,negative,0.022546950727701187,000000000089_15825807a0_book_009.jpg,C:\Users\Karsel\Desktop\Final_tool\TransReID\data\dinov2_benchmark_sets\obj009\positives\000000000089_15825807a0_book_009.jpg
base/cls,obj008,8,negative,-0.007261786609888077,000000000061_07e10cc871_elephant_002.jpg,C:\Users\Karsel\Desktop\Final_tool\TransReID\data\dinov2_benchmark_sets\obj005\positives\000000000061_07e10cc871_elephant_002.jpg
base/cls,obj008,9,negative,-0.019880840554833412,000000000089_15825807a0_book_008.jpg,C:\Users\Karsel\Desktop\Final_tool\TransReID\data\dinov2_benchmark_sets\obj009\query\000000000089_15825807a0_book_008.jpg
base/cls,obj008,10,negative,-0.028191611170768738,000000000009_4547c12650_bowl_002.jpg,C:\Users\Karsel\Desktop\Final_tool\TransReID\data\dinov2_benchmark_sets\obj002\query\000000000009_4547c12650_bowl_002.jpg
base/cls,obj008,11,negative,-0.06186547875404358,000000000009_4547c12650_bowl_003.jpg,C:\Users\Karsel\Desktop\Final_tool\TransReID\data\dinov2_benchmark_sets\obj002\positives\000000000009_4547c12650_bowl_003.jpg
base/cls,obj009,1,negative,0.46591708064079285,000000000109_75925eea5f_bench_001.jpg,C:\Users\Karsel\Desktop\Final_tool\TransReID\data\dinov2_benchmark_sets\obj010\query\000000000109_75925eea5f_bench_001.jpg
base/cls,obj009,2,positive,0.3836524486541748,000000000089_15825807a0_book_009.jpg,C:\Users\Karsel\Desktop\Final_tool\TransReID\data\dinov2_benchmark_sets\obj009\positives\000000000089_15825807a0_book_009.jpg
base/cls,obj009,3,negative,0.06040619686245918,000000000110_d9d8400e25_person_001.jpg,C:\Users\Karsel\Desktop\Final_tool\TransReID\data\dinov2_benchmark_sets\obj001\query\000000000110_d9d8400e25_person_001.jpg
base/cls,obj009,4,negative,0.03521568328142166,000000000025_88363d6214_giraffe_001.jpg,C:\Users\Karsel\Desktop\Final_tool\TransReID\data\dinov2_benchmark_sets\obj003\query\000000000025_88363d6214_giraffe_001.jpg
base/cls,obj009,5,negative,0.0214696042239666,000000000061_07e10cc871_elephant_002.jpg,C:\Users\Karsel\Desktop\Final_tool\TransReID\data\dinov2_benchmark_sets\obj005\positives\000000000061_07e10cc871_elephant_002.jpg
base/cls,obj009,6,negative,0.015391921624541283,000000000009_4547c12650_bowl_003.jpg,C:\Users\Karsel\Desktop\Final_tool\TransReID\data\dinov2_benchmark_sets\obj002\positives\000000000009_4547c12650_bowl_003.jpg
base/cls,obj009,7,negative,0.005772430449724197,000000000049_137127a32f_horse_001.jpg,C:\Users\Karsel\Desktop\Final_tool\TransReID\data\dinov2_benchmark_sets\obj004\query\000000000049_137127a32f_horse_001.jpg
base/cls,obj009,8,negative,0.0015686769038438797,000000000072_46397b6948_giraffe_002.jpg,C:\Users\Karsel\Desktop\Final_tool\TransReID\data\dinov2_benchmark_sets\obj006\positives\000000000072_46397b6948_giraffe_002.jpg
base/cls,obj009,9,negative,-0.003598339855670929,000000000072_46397b6948_giraffe_001.jpg,C:\Users\Karsel\Desktop\Final_tool\TransReID\data\dinov2_benchmark_sets\obj006\query\000000000072_46397b6948_giraffe_001.jpg
base/cls,obj009,10,negative,-0.0049258023500442505,000000000049_137127a32f_horse_002.jpg,C:\Users\Karsel\Desktop\Final_tool\TransReID\data\dinov2_benchmark_sets\obj004\positives\000000000049_137127a32f_horse_002.jpg
base/cls,obj009,11,negative,-0.05523601174354553,000000000073_0145c50ed4_motorcycle_002.jpg,C:\Users\Karsel\Desktop\Final_tool\TransReID\data\dinov2_benchmark_sets\obj007\positives\000000000073_0145c50ed4_motorcycle_002.jpg
base/cls,obj010,1,positive,0.8417728543281555,000000000109_75925eea5f_bench_002.jpg,C:\Users\Karsel\Desktop\Final_tool\TransReID\data\dinov2_benchmark_sets\obj010\positives\000000000109_75925eea5f_bench_002.jpg
base/cls,obj010,2,negative,0.06418123841285706,000000000061_07e10cc871_elephant_001.jpg,C:\Users\Karsel\Desktop\Final_tool\TransReID\data\dinov2_benchmark_sets\obj005\query\000000000061_07e10cc871_elephant_001.jpg
base/cls,obj010,3,negative,0.05342549830675125,000000000061_07e10cc871_elephant_002.jpg,C:\Users\Karsel\Desktop\Final_tool\TransReID\data\dinov2_benchmark_sets\obj005\positives\000000000061_07e10cc871_elephant_002.jpg
base/cls,obj010,4,negative,0.05046813189983368,000000000049_137127a32f_horse_002.jpg,C:\Users\Karsel\Desktop\Final_tool\TransReID\data\dinov2_benchmark_sets\obj004\positives\000000000049_137127a32f_horse_002.jpg
base/cls,obj010,5,negative,0.03863169997930527,000000000025_88363d6214_giraffe_001.jpg,C:\Users\Karsel\Desktop\Final_tool\TransReID\data\dinov2_benchmark_sets\obj003\query\000000000025_88363d6214_giraffe_001.jpg
base/cls,obj010,6,negative,0.03770618513226509,000000000049_137127a32f_horse_001.jpg,C:\Users\Karsel\Desktop\Final_tool\TransReID\data\dinov2_benchmark_sets\obj004\query\000000000049_137127a32f_horse_001.jpg
base/cls,obj010,7,negative,0.03501167148351669,000000000072_46397b6948_giraffe_001.jpg,C:\Users\Karsel\Desktop\Final_tool\TransReID\data\dinov2_benchmark_sets\obj006\query\000000000072_46397b6948_giraffe_001.jpg
base/cls,obj010,8,negative,0.011300520040094852,000000000072_46397b6948_giraffe_002.jpg,C:\Users\Karsel\Desktop\Final_tool\TransReID\data\dinov2_benchmark_sets\obj006\positives\000000000072_46397b6948_giraffe_002.jpg
base/cls,obj010,9,negative,0.006615852005779743,000000000009_4547c12650_bowl_003.jpg,C:\Users\Karsel\Desktop\Final_tool\TransReID\data\dinov2_benchmark_sets\obj002\positives\000000000009_4547c12650_bowl_003.jpg
base/cls,obj010,10,negative,-0.009523365646600723,000000000009_4547c12650_bowl_002.jpg,C:\Users\Karsel\Desktop\Final_tool\TransReID\data\dinov2_benchmark_sets\obj002\query\000000000009_4547c12650_bowl_002.jpg
base/cls,obj010,11,negative,-0.026763813570141792,000000000073_0145c50ed4_motorcycle_002.jpg,C:\Users\Karsel\Desktop\Final_tool\TransReID\data\dinov2_benchmark_sets\obj007\positives\000000000073_0145c50ed4_motorcycle_002.jpg
base/mean,obj001,1,positive,0.38297101855278015,000000000110_d9d8400e25_person_003.jpg,C:\Users\Karsel\Desktop\Final_tool\TransReID\data\dinov2_benchmark_sets\obj001\positives\000000000110_d9d8400e25_person_003.jpg
base/mean,obj001,2,negative,0.13244891166687012,000000000009_4547c12650_bowl_003.jpg,C:\Users\Karsel\Desktop\Final_tool\TransReID\data\dinov2_benchmark_sets\obj002\positives\000000000009_4547c12650_bowl_003.jpg
base/mean,obj001,3,negative,0.11514365673065186,000000000009_4547c12650_bowl_002.jpg,C:\Users\Karsel\Desktop\Final_tool\TransReID\data\dinov2_benchmark_sets\obj002\query\000000000009_4547c12650_bowl_002.jpg
base/mean,obj001,4,negative,0.09048200398683548,000000000009_4547c12650_bowl_004.jpg,C:\Users\Karsel\Desktop\Final_tool\TransReID\data\dinov2_benchmark_sets\obj002\positives\000000000009_4547c12650_bowl_004.jpg
base/mean,obj001,5,negative,0.05889793485403061,000000000089_15825807a0_book_009.jpg,C:\Users\Karsel\Desktop\Final_tool\TransReID\data\dinov2_benchmark_sets\obj009\positives\000000000089_15825807a0_book_009.jpg
base/mean,obj001,6,negative,0.04733157902956009,000000000072_46397b6948_giraffe_002.jpg,C:\Users\Karsel\Desktop\Final_tool\TransReID\data\dinov2_benchmark_sets\obj006\positives\000000000072_46397b6948_giraffe_002.jpg
base/mean,obj001,7,negative,0.044136032462120056,000000000073_0145c50ed4_motorcycle_001.jpg,C:\Users\Karsel\Desktop\Final_tool\TransReID\data\dinov2_benchmark_sets\obj007\query\000000000073_0145c50ed4_motorcycle_001.jpg
base/mean,obj001,8,negative,0.03789540380239487,000000000061_07e10cc871_elephant_002.jpg,C:\Users\Karsel\Desktop\Final_tool\TransReID\data\dinov2_benchmark_sets\obj005\positives\000000000061_07e10cc871_elephant_002.jpg
base/mean,obj001,9,negative,0.03129817172884941,000000000061_07e10cc871_elephant_001.jpg,C:\Users\Karsel\Desktop\Final_tool\TransReID\data\dinov2_benchmark_sets\obj005\query\000000000061_07e10cc871_elephant_001.jpg
base/mean,obj001,10,negative,0.021184146404266357,000000000025_88363d6214_giraffe_001.jpg,C:\Users\Karsel\Desktop\Final_tool\TransReID\data\dinov2_benchmark_sets\obj003\query\000000000025_88363d6214_giraffe_001.jpg
base/mean,obj001,11,negative,-0.0020772917196154594,000000000109_75925eea5f_bench_002.jpg,C:\Users\Karsel\Desktop\Final_tool\TransReID\data\dinov2_benchmark_sets\obj010\positives\000000000109_75925eea5f_bench_002.jpg
base/mean,obj002,1,positive,0.753879725933075,000000000009_4547c12650_bowl_004.jpg,C:\Users\Karsel\Desktop\Final_tool\TransReID\data\dinov2_benchmark_sets\obj002\positives\000000000009_4547c12650_bowl_004.jpg
base/mean,obj002,2,positive,0.6450570225715637,000000000009_4547c12650_bowl_003.jpg,C:\Users\Karsel\Desktop\Final_tool\TransReID\data\dinov2_benchmark_sets\obj002\positives\000000000009_4547c12650_bowl_003.jpg
base/mean,obj002,3,negative,0.11599356681108475,000000000110_d9d8400e25_person_001.jpg,C:\Users\Karsel\Desktop\Final_tool\TransReID\data\dinov2_benchmark_sets\obj001\query\000000000110_d9d8400e25_person_001.jpg
base/mean,obj002,4,negative,0.10649611055850983,000000000089_15825807a0_book_009.jpg,C:\Users\Karsel\Desktop\Final_tool\TransReID\data\dinov2_benchmark_sets\obj009\positives\000000000089_15825807a0_book_009.jpg
base/mean,obj002,5,negative,0.08020734786987305,000000000072_46397b6948_giraffe_001.jpg,C:\Users\Karsel\Desktop\Final_tool\TransReID\data\dinov2_benchmark_sets\obj006\query\000000000072_46397b6948_giraffe_001.jpg
base/mean,obj002,6,negative,0.07543721795082092,000000000089_15825807a0_book_008.jpg,C:\Users\Karsel\Desktop\Final_tool\TransReID\data\dinov2_benchmark_sets\obj009\query\000000000089_15825807a0_book_008.jpg
base/mean,obj002,7,negative,0.06964025646448135,000000000077_c8263abc6a_person_002.jpg,C:\Users\Karsel\Desktop\Final_tool\TransReID\data\dinov2_benchmark_sets\obj008\positives\000000000077_c8263abc6a_person_002.jpg
base/mean,obj002,8,negative,0.05617353320121765,000000000025_88363d6214_giraffe_001.jpg,C:\Users\Karsel\Desktop\Final_tool\TransReID\data\dinov2_benchmark_sets\obj003\query\000000000025_88363d6214_giraffe_001.jpg
base/mean,obj002,9,negative,0.05167233198881149,000000000072_46397b6948_giraffe_002.jpg,C:\Users\Karsel\Desktop\Final_tool\TransReID\data\dinov2_benchmark_sets\obj006\positives\000000000072_46397b6948_giraffe_002.jpg
base/mean,obj002,10,negative,0.038566820323467255,000000000025_88363d6214_giraffe_002.jpg,C:\Users\Karsel\Desktop\Final_tool\TransReID\data\dinov2_benchmark_sets\obj003\positives\000000000025_88363d6214_giraffe_002.jpg
base/mean,obj002,11,negative,0.026117045432329178,000000000110_d9d8400e25_person_003.jpg,C:\Users\Karsel\Desktop\Final_tool\TransReID\data\dinov2_benchmark_sets\obj001\positives\000000000110_d9d8400e25_person_003.jpg
base/mean,obj002,12,negative,-0.01315234787762165,000000000077_c8263abc6a_person_001.jpg,C:\Users\Karsel\Desktop\Final_tool\TransReID\data\dinov2_benchmark_sets\obj008\query\000000000077_c8263abc6a_person_001.jpg
base/mean,obj003,1,positive,0.72310471534729,000000000025_88363d6214_giraffe_002.jpg,C:\Users\Karsel\Desktop\Final_tool\TransReID\data\dinov2_benchmark_sets\obj003\positives\000000000025_88363d6214_giraffe_002.jpg
base/mean,obj003,2,negative,0.698945164680481,000000000072_46397b6948_giraffe_001.jpg,C:\Users\Karsel\Desktop\Final_tool\TransReID\data\dinov2_benchmark_sets\obj006\query\000000000072_46397b6948_giraffe_001.jpg
base/mean,obj003,3,negative,0.4056094288825989,000000000049_137127a32f_horse_002.jpg,C:\Users\Karsel\Desktop\Final_tool\TransReID\data\dinov2_benchmark_sets\obj004\positives\000000000049_137127a32f_horse_002.jpg
base/mean,obj003,4,negative,0.3271590769290924,000000000061_07e10cc871_elephant_001.jpg,C:\Users\Karsel\Desktop\Final_tool\TransReID\data\dinov2_benchmark_sets\obj005\query\000000000061_07e10cc871_elephant_001.jpg
base/mean,obj003,5,negative,0.12911003828048706,000000000089_15825807a0_book_008.jpg,C:\Users\Karsel\Desktop\Final_tool\TransReID\data\dinov2_benchmark_sets\obj009\query\000000000089_15825807a0_book_008.jpg
base/mean,obj003,6,negative,0.11211585998535156,000000000077_c8263abc6a_person_001.jpg,C:\Users\Karsel\Desktop\Final_tool\TransReID\data\dinov2_benchmark_sets\obj008\query\000000000077_c8263abc6a_person_001.jpg
base/mean,obj003,7,negative,0.09569701552391052,000000000109_75925eea5f_bench_001.jpg,C:\Users\Karsel\Desktop\Final_tool\TransReID\data\dinov2_benchmark_sets\obj010\query\000000000109_75925eea5f_bench_001.jpg
base/mean,obj003,8,negative,0.056037887930870056,000000000009_4547c12650_bowl_002.jpg,C:\Users\Karsel\Desktop\Final_tool\TransReID\data\dinov2_benchmark_sets\obj002\query\000000000009_4547c12650_bowl_002.jpg
base/mean,obj003,9,negative,0.05597001314163208,000000000009_4547c12650_bowl_004.jpg,C:\Users\Karsel\Desktop\Final_tool\TransReID\data\dinov2_benchmark_sets\obj002\positives\000000000009_4547c12650_bowl_004.jpg
base/mean,obj003,10,negative,0.029338732361793518,000000000109_75925eea5f_bench_002.jpg,C:\Users\Karsel\Desktop\Final_tool\TransReID\data\dinov2_benchmark_sets\obj010\positives\000000000109_75925eea5f_bench_002.jpg
base/mean,obj003,11,negative,0.021184146404266357,000000000110_d9d8400e25_person_001.jpg,C:\Users\Karsel\Desktop\Final_tool\TransReID\data\dinov2_benchmark_sets\obj001\query\000000000110_d9d8400e25_person_001.jpg
base/mean,obj004,1,positive,0.880886435508728,000000000049_137127a32f_horse_002.jpg,C:\Users\Karsel\Desktop\Final_tool\TransReID\data\dinov2_benchmark_sets\obj004\positives\000000000049_137127a32f_horse_002.jpg
base/mean,obj004,2,negative,0.5530239939689636,000000000061_07e10cc871_elephant_002.jpg,C:\Users\Karsel\Desktop\Final_tool\TransReID\data\dinov2_benchmark_sets\obj005\positives\000000000061_07e10cc871_elephant_002.jpg
base/mean,obj004,3,negative,0.4876168966293335,000000000025_88363d6214_giraffe_001.jpg,C:\Users\Karsel\Desktop\Final_tool\TransReID\data\dinov2_benchmark_sets\obj003\query\000000000025_88363d6214_giraffe_001.jpg
base/mean,obj004,4,negative,0.4691794514656067,000000000072_46397b6948_giraffe_002.jpg,C:\Users\Karsel\Desktop\Final_tool\TransReID\data\dinov2_benchmark_sets\obj006\positives\000000000072_46397b6948_giraffe_002.jpg
base/mean,obj004,5,negative,0.4530840516090393,000000000025_88363d6214_giraffe_002.jpg,C:\Users\Karsel\Desktop\Final_tool\TransReID\data\dinov2_benchmark_sets\obj003\positives\000000000025_88363d6214_giraffe_002.jpg
base/mean,obj004,6,negative,0.22104227542877197,000000000077_c8263abc6a_person_002.jpg,C:\Users\Karsel\Desktop\Final_tool\TransReID\data\dinov2_benchmark_sets\obj008\positives\000000000077_c8263abc6a_person_002.jpg
base/mean,obj004,7,negative,0.1415494978427887,000000000073_0145c50ed4_motorcycle_002.jpg,C:\Users\Karsel\Desktop\Final_tool\TransReID\data\dinov2_benchmark_sets\obj007\positives\000000000073_0145c50ed4_motorcycle_002.jpg
base/mean,obj004,8,negative,0.1178750991821289,000000000089_15825807a0_book_008.jpg,C:\Users\Karsel\Desktop\Final_tool\TransReID\data\dinov2_benchmark_sets\obj009\query\000000000089_15825807a0_book_008.jpg
base/mean,obj004,9,negative,0.1107986718416214,000000000073_0145c50ed4_motorcycle_001.jpg,C:\Users\Karsel\Desktop\Final_tool\TransReID\data\dinov2_benchmark_sets\obj007\query\000000000073_0145c50ed4_motorcycle_001.jpg
base/mean,obj004,10,negative,0.09162116050720215,000000000110_d9d8400e25_person_003.jpg,C:\Users\Karsel\Desktop\Final_tool\TransReID\data\dinov2_benchmark_sets\obj001\positives\000000000110_d9d8400e25_person_003.jpg
base/mean,obj004,11,negative,0.0013044383376836777,000000000009_4547c12650_bowl_004.jpg,C:\Users\Karsel\Desktop\Final_tool\TransReID\data\dinov2_benchmark_sets\obj002\positives\000000000009_4547c12650_bowl_004.jpg
base/mean,obj005,1,positive,0.6479821801185608,000000000061_07e10cc871_elephant_002.jpg,C:\Users\Karsel\Desktop\Final_tool\TransReID\data\dinov2_benchmark_sets\obj005\positives\000000000061_07e10cc871_elephant_002.jpg
base/mean,obj005,2,negative,0.38109320402145386,000000000049_137127a32f_horse_002.jpg,C:\Users\Karsel\Desktop\Final_tool\TransReID\data\dinov2_benchmark_sets\obj004\positives\000000000049_137127a32f_horse_002.jpg
base/mean,obj005,3,negative,0.36786413192749023,000000000049_137127a32f_horse_001.jpg,C:\Users\Karsel\Desktop\Final_tool\TransReID\data\dinov2_benchmark_sets\obj004\query\000000000049_137127a32f_horse_001.jpg
base/mean,obj005,4,negative,0.3133547902107239,000000000025_88363d6214_giraffe_002.jpg,C:\Users\Karsel\Desktop\Final_tool\TransReID\data\dinov2_benchmark_sets\obj003\positives\000000000025_88363d6214_giraffe_002.jpg
base/mean,obj005,5,negative,0.24543775618076324,000000000089_15825807a0_book_008.jpg,C:\Users\Karsel\Desktop\Final_tool\TransReID\data\dinov2_benchmark_sets\obj009\query\000000000089_15825807a0_book_008.jpg
base/mean,obj005,6,negative,0.18869201838970184,000000000109_75925eea5f_bench_001.jpg,C:\Users\Karsel\Desktop\Final_tool\TransReID\data\dinov2_benchmark_sets\obj010\query\000000000109_75925eea5f_bench_001.jpg
base/mean,obj005,7,negative,0.15655063092708588,000000000073_0145c50ed4_motorcycle_001.jpg,C:\Users\Karsel\Desktop\Final_tool\TransReID\data\dinov2_benchmark_sets\obj007\query\000000000073_0145c50ed4_motorcycle_001.jpg
base/mean,obj005,8,negative,0.14812719821929932,000000000109_75925eea5f_bench_002.jpg,C:\Users\Karsel\Desktop\Final_tool\TransReID\data\dinov2_benchmark_sets\obj010\positives\000000000109_75925eea5f_bench_002.jpg
base/mean,obj005,9,negative,0.13909924030303955,000000000077_c8263abc6a_person_002.jpg,C:\Users\Karsel\Desktop\Final_tool\TransReID\data\dinov2_benchmark_sets\obj008\positives\000000000077_c8263abc6a_person_002.jpg
base/mean,obj005,10,negative,0.12834465503692627,000000000089_15825807a0_book_009.jpg,C:\Users\Karsel\Desktop\Final_tool\TransReID\data\dinov2_benchmark_sets\obj009\positives\000000000089_15825807a0_book_009.jpg
base/mean,obj005,11,negative,0.09831293672323227,000000000110_d9d8400e25_person_003.jpg,C:\Users\Karsel\Desktop\Final_tool\TransReID\data\dinov2_benchmark_sets\obj001\positives\000000000110_d9d8400e25_person_003.jpg
base/mean,obj006,1,positive,0.7823340892791748,000000000072_46397b6948_giraffe_002.jpg,C:\Users\Karsel\Desktop\Final_tool\TransReID\data\dinov2_benchmark_sets\obj006\positives\000000000072_46397b6948_giraffe_002.jpg
base/mean,obj006,2,negative,0.6701799035072327,000000000025_88363d6214_giraffe_002.jpg,C:\Users\Karsel\Desktop\Final_tool\TransReID\data\dinov2_benchmark_sets\obj003\positives\000000000025_88363d6214_giraffe_002.jpg
base/mean,obj006,3,negative,0.35636502504348755,000000000061_07e10cc871_elephant_002.jpg,C:\Users\Karsel\Desktop\Final_tool\TransReID\data\dinov2_benchmark_sets\obj005\positives\000000000061_07e10cc871_elephant_002.jpg
base/mean,obj006,4,negative,0.30924248695373535,000000000061_07e10cc871_elephant_001.jpg,C:\Users\Karsel\Desktop\Final_tool\TransReID\data\dinov2_benchmark_sets\obj005\query\000000000061_07e10cc871_elephant_001.jpg
base/mean,obj006,5,negative,0.11298055946826935,000000000009_4547c12650_bowl_003.jpg,C:\Users\Karsel\Desktop\Final_tool\TransReID\data\dinov2_benchmark_sets\obj002\positives\000000000009_4547c12650_bowl_003.jpg
base/mean,obj006,6,negative,0.10077217221260071,000000000009_4547c12650_bowl_004.jpg,C:\Users\Karsel\Desktop\Final_tool\TransReID\data\dinov2_benchmark_sets\obj002\positives\000000000009_4547c12650_bowl_004.jpg
base/mean,obj006,7,negative,0.09540943801403046,000000000073_0145c50ed4_motorcycle_001.jpg,C:\Users\Karsel\Desktop\Final_tool\TransReID\data\dinov2_benchmark_sets\obj007\query\000000000073_0145c50ed4_motorcycle_001.jpg
base/mean,obj006,8,negative,0.0599837452173233,000000000089_15825807a0_book_009.jpg,C:\Users\Karsel\Desktop\Final_tool\TransReID\data\dinov2_benchmark_sets\obj009\positives\000000000089_15825807a0_book_009.jpg
base/mean,obj006,9,negative,0.057638585567474365,000000000109_75925eea5f_bench_001.jpg,C:\Users\Karsel\Desktop\Final_tool\TransReID\data\dinov2_benchmark_sets\obj010\query\000000000109_75925eea5f_bench_001.jpg
base/mean,obj006,10,negative,0.05660516768693924,000000000110_d9d8400e25_person_003.jpg,C:\Users\Karsel\Desktop\Final_tool\TransReID\data\dinov2_benchmark_sets\obj001\positives\000000000110_d9d8400e25_person_003.jpg
base/mean,obj006,11,negative,0.014049524441361427,000000000110_d9d8400e25_person_001.jpg,C:\Users\Karsel\Desktop\Final_tool\TransReID\data\dinov2_benchmark_sets\obj001\query\000000000110_d9d8400e25_person_001.jpg
base/mean,obj007,1,positive,0.7652769684791565,000000000073_0145c50ed4_motorcycle_002.jpg,C:\Users\Karsel\Desktop\Final_tool\TransReID\data\dinov2_benchmark_sets\obj007\positives\000000000073_0145c50ed4_motorcycle_002.jpg
base/mean,obj007,2,negative,0.11860372126102448,000000000061_07e10cc871_elephant_002.jpg,C:\Users\Karsel\Desktop\Final_tool\TransReID\data\dinov2_benchmark_sets\obj005\positives\000000000061_07e10cc871_elephant_002.jpg
base/mean,obj007,3,negative,0.11079868674278259,000000000049_137127a32f_horse_001.jpg,C:\Users\Karsel\Desktop\Final_tool\TransReID\data\dinov2_benchmark_sets\obj004\query\000000000049_137127a32f_horse_001.jpg
base/mean,obj007,4,negative,0.09858177602291107,000000000072_46397b6948_giraffe_002.jpg,C:\Users\Karsel\Desktop\Final_tool\TransReID\data\dinov2_benchmark_sets\obj006\positives\000000000072_46397b6948_giraffe_002.jpg
base/mean,obj007,5,negative,0.09540943801403046,000000000072_46397b6948_giraffe_001.jpg,C:\Users\Karsel\Desktop\Final_tool\TransReID\data\dinov2_benchmark_sets\obj006\query\000000000072_46397b6948_giraffe_001.jpg
base/mean,obj007,6,negative,0.07034890353679657,000000000009_4547c12650_bowl_003.jpg,C:\Users\Karsel\Desktop\Final_tool\TransReID\data\dinov2_benchmark_sets\obj002\positives\000000000009_4547c12650_bowl_003.jpg
base/mean,obj007,7,negative,0.06290492415428162,000000000025_88363d6214_giraffe_001.jpg,C:\Users\Karsel\Desktop\Final_tool\TransReID\data\dinov2_benchmark_sets\obj003\query\000000000025_88363d6214_giraffe_001.jpg
base/mean,obj007,8,negative,0.047378722578287125,000000000109_75925eea5f_bench_001.jpg,C:\Users\Karsel\Desktop\Final_tool\TransReID\data\dinov2_benchmark_sets\obj010\query\000000000109_75925eea5f_bench_001.jpg
base/mean,obj007,9,negative,0.04166577011346817,000000000009_4547c12650_bowl_002.jpg,C:\Users\Karsel\Desktop\Final_tool\TransReID\data\dinov2_benchmark_sets\obj002\query\000000000009_4547c12650_bowl_002.jpg
base/mean,obj007,10,negative,0.04161660373210907,000000000009_4547c12650_bowl_004.jpg,C:\Users\Karsel\Desktop\Final_tool\TransReID\data\dinov2_benchmark_sets\obj002\positives\000000000009_4547c12650_bowl_004.jpg
base/mean,obj007,11,negative,-0.0029083583503961563,000000000109_75925eea5f_bench_002.jpg,C:\Users\Karsel\Desktop\Final_tool\TransReID\data\dinov2_benchmark_sets\obj010\positives\000000000109_75925eea5f_bench_002.jpg
base/mean,obj008,1,positive,0.5939416885375977,000000000077_c8263abc6a_person_002.jpg,C:\Users\Karsel\Desktop\Final_tool\TransReID\data\dinov2_benchmark_sets\obj008\positives\000000000077_c8263abc6a_person_002.jpg
base/mean,obj008,2,negative,0.21519771218299866,000000000049_137127a32f_horse_002.jpg,C:\Users\Karsel\Desktop\Final_tool\TransReID\data\dinov2_benchmark_sets\obj004\positives\000000000049_137127a32f_horse_002.jpg
base/mean,obj008,3,negative,0.17913703620433807,000000000025_88363d6214_giraffe_002.jpg,C:\Users\Karsel\Desktop\Final_tool\TransReID\data\dinov2_benchmark_sets\obj003\positives\000000000025_88363d6214_giraffe_002.jpg
base/mean,obj008,4,negative,0.1521872878074646,000000000061_07e10cc871_elephant_001.jpg,C:\Users\Karsel\Desktop\Final_tool\TransReID\data\dinov2_benchmark_sets\obj005\query\000000000061_07e10cc871_elephant_001.jpg
base/mean,obj008,5,negative,0.13667920231819153,000000000089_15825807a0_book_008.jpg,C:\Users\Karsel\Desktop\Final_tool\TransReID\data\dinov2_benchmark_sets\obj009\query\000000000089_15825807a0_book_008.jpg
base/mean,obj008,6,negative,0.11064885556697845,000000000072_46397b6948_giraffe_001.jpg,C:\Users\Karsel\Desktop\Final_tool\TransReID\data\dinov2_benchmark_sets\obj006\query\000000000072_46397b6948_giraffe_001.jpg
base/mean,obj008,7,negative,0.10967835038900375,000000000072_46397b6948_giraffe_002.jpg,C:\Users\Karsel\Desktop\Final_tool\TransReID\data\dinov2_benchmark_sets\obj006\positives\000000000072_46397b6948_giraffe_002.jpg
base/mean,obj008,8,negative,0.08146555721759796,000000000061_07e10cc871_elephant_002.jpg,C:\Users\Karsel\Desktop\Final_tool\TransReID\data\dinov2_benchmark_sets\obj005\positives\000000000061_07e10cc871_elephant_002.jpg
base/mean,obj008,9,negative,0.07387687265872955,000000000089_15825807a0_book_009.jpg,C:\Users\Karsel\Desktop\Final_tool\TransReID\data\dinov2_benchmark_sets\obj009\positives\000000000089_15825807a0_book_009.jpg
base/mean,obj008,10,negative,-0.012841390445828438,000000000009_4547c12650_bowl_002.jpg,C:\Users\Karsel\Desktop\Final_tool\TransReID\data\dinov2_benchmark_sets\obj002\query\000000000009_4547c12650_bowl_002.jpg
base/mean,obj008,11,negative,-0.036330342292785645,000000000009_4547c12650_bowl_003.jpg,C:\Users\Karsel\Desktop\Final_tool\TransReID\data\dinov2_benchmark_sets\obj002\positives\000000000009_4547c12650_bowl_003.jpg
base/mean,obj009,1,negative,0.5147850513458252,000000000109_75925eea5f_bench_001.jpg,C:\Users\Karsel\Desktop\Final_tool\TransReID\data\dinov2_benchmark_sets\obj010\query\000000000109_75925eea5f_bench_001.jpg
base/mean,obj009,2,positive,0.35171735286712646,000000000089_15825807a0_book_009.jpg,C:\Users\Karsel\Desktop\Final_tool\TransReID\data\dinov2_benchmark_sets\obj009\positives\000000000089_15825807a0_book_009.jpg
base/mean,obj009,3,negative,0.12911003828048706,000000000025_88363d6214_giraffe_001.jpg,C:\Users\Karsel\Desktop\Final_tool\TransReID\data\dinov2_benchmark_sets\obj003\query\000000000025_88363d6214_giraffe_001.jpg
base/mean,obj009,4,negative,0.11787506937980652,000000000049_137127a32f_horse_001.jpg,C:\Users\Karsel\Desktop\Final_tool\TransReID\data\dinov2_benchmark_sets\obj004\query\000000000049_137127a32f_horse_001.jpg
base/mean,obj009,5,negative,0.1174292266368866,000000000061_07e10cc871_elephant_002.jpg,C:\Users\Karsel\Desktop\Final_tool\TransReID\data\dinov2_benchmark_sets\obj005\positives\000000000061_07e10cc871_elephant_002.jpg
base/mean,obj009,6,negative,0.10048314929008484,000000000049_137127a32f_horse_002.jpg,C:\Users\Karsel\Desktop\Final_tool\TransReID\data\dinov2_benchmark_sets\obj004\positives\000000000049_137127a32f_horse_002.jpg
base/mean,obj009,7,negative,0.09909714013338089,000000000072_46397b6948_giraffe_001.jpg,C:\Users\Karsel\Desktop\Final_tool\TransReID\data\dinov2_benchmark_sets\obj006\query\000000000072_46397b6948_giraffe_001.jpg
base/mean,obj009,8,negative,0.07729879766702652,000000000072_46397b6948_giraffe_002.jpg,C:\Users\Karsel\Desktop\Final_tool\TransReID\data\dinov2_benchmark_sets\obj006\positives\000000000072_46397b6948_giraffe_002.jpg
base/mean,obj009,9,negative,0.06372976303100586,000000000009_4547c12650_bowl_003.jpg,C:\Users\Karsel\Desktop\Final_tool\TransReID\data\dinov2_benchmark_sets\obj002\positives\000000000009_4547c12650_bowl_003.jpg
base/mean,obj009,10,negative,0.005257852375507355,000000000073_0145c50ed4_motorcycle_002.jpg,C:\Users\Karsel\Desktop\Final_tool\TransReID\data\dinov2_benchmark_sets\obj007\positives\000000000073_0145c50ed4_motorcycle_002.jpg
base/mean,obj009,11,negative,-0.006717394106090069,000000000110_d9d8400e25_person_001.jpg,C:\Users\Karsel\Desktop\Final_tool\TransReID\data\dinov2_benchmark_sets\obj001\query\000000000110_d9d8400e25_person_001.jpg
base/mean,obj010,1,positive,0.8568291664123535,000000000109_75925eea5f_bench_002.jpg,C:\Users\Karsel\Desktop\Final_tool\TransReID\data\dinov2_benchmark_sets\obj010\positives\000000000109_75925eea5f_bench_002.jpg
base/mean,obj010,2,negative,0.18869201838970184,000000000061_07e10cc871_elephant_001.jpg,C:\Users\Karsel\Desktop\Final_tool\TransReID\data\dinov2_benchmark_sets\obj005\query\000000000061_07e10cc871_elephant_001.jpg
base/mean,obj010,3,negative,0.102420374751091,000000000049_137127a32f_horse_001.jpg,C:\Users\Karsel\Desktop\Final_tool\TransReID\data\dinov2_benchmark_sets\obj004\query\000000000049_137127a32f_horse_001.jpg
base/mean,obj010,4,negative,0.10233267396688461,000000000049_137127a32f_horse_002.jpg,C:\Users\Karsel\Desktop\Final_tool\TransReID\data\dinov2_benchmark_sets\obj004\positives\000000000049_137127a32f_horse_002.jpg
base/mean,obj010,5,negative,0.09569701552391052,000000000025_88363d6214_giraffe_001.jpg,C:\Users\Karsel\Desktop\Final_tool\TransReID\data\dinov2_benchmark_sets\obj003\query\000000000025_88363d6214_giraffe_001.jpg
base/mean,obj010,6,negative,0.0818113386631012,000000000061_07e10cc871_elephant_002.jpg,C:\Users\Karsel\Desktop\Final_tool\TransReID\data\dinov2_benchmark_sets\obj005\positives\000000000061_07e10cc871_elephant_002.jpg
base/mean,obj010,7,negative,0.057638585567474365,000000000072_46397b6948_giraffe_001.jpg,C:\Users\Karsel\Desktop\Final_tool\TransReID\data\dinov2_benchmark_sets\obj006\query\000000000072_46397b6948_giraffe_001.jpg
base/mean,obj010,8,negative,0.05238933116197586,000000000072_46397b6948_giraffe_002.jpg,C:\Users\Karsel\Desktop\Final_tool\TransReID\data\dinov2_benchmark_sets\obj006\positives\000000000072_46397b6948_giraffe_002.jpg
base/mean,obj010,9,negative,0.0497748926281929,000000000009_4547c12650_bowl_002.jpg,C:\Users\Karsel\Desktop\Final_tool\TransReID\data\dinov2_benchmark_sets\obj002\query\000000000009_4547c12650_bowl_002.jpg
base/mean,obj010,10,negative,0.04590267688035965,000000000073_0145c50ed4_motorcycle_002.jpg,C:\Users\Karsel\Desktop\Final_tool\TransReID\data\dinov2_benchmark_sets\obj007\positives\000000000073_0145c50ed4_motorcycle_002.jpg
base/mean,obj010,11,negative,0.03606279194355011,000000000009_4547c12650_bowl_003.jpg,C:\Users\Karsel\Desktop\Final_tool\TransReID\data\dinov2_benchmark_sets\obj002\positives\000000000009_4547c12650_bowl_003.jpg
base/cls+mean,obj001,1,positive,0.2702251374721527,000000000110_d9d8400e25_person_003.jpg,C:\Users\Karsel\Desktop\Final_tool\TransReID\data\dinov2_benchmark_sets\obj001\positives\000000000110_d9d8400e25_person_003.jpg
base/cls+mean,obj001,2,negative,0.10813009738922119,000000000009_4547c12650_bowl_003.jpg,C:\Users\Karsel\Desktop\Final_tool\TransReID\data\dinov2_benchmark_sets\obj002\positives\000000000009_4547c12650_bowl_003.jpg
base/cls+mean,obj001,3,negative,0.08257654309272766,000000000009_4547c12650_bowl_002.jpg,C:\Users\Karsel\Desktop\Final_tool\TransReID\data\dinov2_benchmark_sets\obj002\query\000000000009_4547c12650_bowl_002.jpg
base/cls+mean,obj001,4,negative,0.07744964957237244,000000000009_4547c12650_bowl_004.jpg,C:\Users\Karsel\Desktop\Final_tool\TransReID\data\dinov2_benchmark_sets\obj002\positives\000000000009_4547c12650_bowl_004.jpg
base/cls+mean,obj001,5,negative,0.05317477136850357,000000000089_15825807a0_book_009.jpg,C:\Users\Karsel\Desktop\Final_tool\TransReID\data\dinov2_benchmark_sets\obj009\positives\000000000089_15825807a0_book_009.jpg
base/cls+mean,obj001,6,negative,0.03668413683772087,000000000061_07e10cc871_elephant_002.jpg,C:\Users\Karsel\Desktop\Final_tool\TransReID\data\dinov2_benchmark_sets\obj005\positives\000000000061_07e10cc871_elephant_002.jpg
base/cls+mean,obj001,7,negative,0.031179213896393776,000000000061_07e10cc871_elephant_001.jpg,C:\Users\Karsel\Desktop\Final_tool\TransReID\data\dinov2_benchmark_sets\obj005\query\000000000061_07e10cc871_elephant_001.jpg
base/cls+mean,obj001,8,negative,-0.0027181641198694706,000000000109_75925eea5f_bench_002.jpg,C:\Users\Karsel\Desktop\Final_tool\TransReID\data\dinov2_benchmark_sets\obj010\positives\000000000109_75925eea5f_bench_002.jpg
base/cls+mean,obj001,9,negative,-0.004901845008134842,000000000073_0145c50ed4_motorcycle_001.jpg,C:\Users\Karsel\Desktop\Final_tool\TransReID\data\dinov2_benchmark_sets\obj007\query\000000000073_0145c50ed4_motorcycle_001.jpg
base/cls+mean,obj001,10,negative,-0.00990495178848505,000000000072_46397b6948_giraffe_002.jpg,C:\Users\Karsel\Desktop\Final_tool\TransReID\data\dinov2_benchmark_sets\obj006\positives\000000000072_46397b6948_giraffe_002.jpg
base/cls+mean,obj001,11,negative,-0.026917554438114166,000000000025_88363d6214_giraffe_001.jpg,C:\Users\Karsel\Desktop\Final_tool\TransReID\data\dinov2_benchmark_sets\obj003\query\000000000025_88363d6214_giraffe_001.jpg
base/cls+mean,obj002,1,positive,0.7842384576797485,000000000009_4547c12650_bowl_004.jpg,C:\Users\Karsel\Desktop\Final_tool\TransReID\data\dinov2_benchmark_sets\obj002\positives\000000000009_4547c12650_bowl_004.jpg
base/cls+mean,obj002,2,positive,0.6734635233879089,000000000009_4547c12650_bowl_003.jpg,C:\Users\Karsel\Desktop\Final_tool\TransReID\data\dinov2_benchmark_sets\obj002\positives\000000000009_4547c12650_bowl_003.jpg
base/cls+mean,obj002,3,negative,0.0829482227563858,000000000110_d9d8400e25_person_001.jpg,C:\Users\Karsel\Desktop\Final_tool\TransReID\data\dinov2_benchmark_sets\obj001\query\000000000110_d9d8400e25_person_001.jpg
base/cls+mean,obj002,4,negative,0.07911483943462372,000000000089_15825807a0_book_009.jpg,C:\Users\Karsel\Desktop\Final_tool\TransReID\data\dinov2_benchmark_sets\obj009\positives\000000000089_15825807a0_book_009.jpg
base/cls+mean,obj002,5,negative,0.05312596261501312,000000000089_15825807a0_book_008.jpg,C:\Users\Karsel\Desktop\Final_tool\TransReID\data\dinov2_benchmark_sets\obj009\query\000000000089_15825807a0_book_008.jpg
base/cls+mean,obj002,6,negative,0.05132012814283371,000000000072_46397b6948_giraffe_001.jpg,C:\Users\Karsel\Desktop\Final_tool\TransReID\data\dinov2_benchmark_sets\obj006\query\000000000072_46397b6948_giraffe_001.jpg
base/cls+mean,obj002,7,negative,0.04627645015716553,000000000077_c8263abc6a_person_002.jpg,C:\Users\Karsel\Desktop\Final_tool\TransReID\data\dinov2_benchmark_sets\obj008\positives\000000000077_c8263abc6a_person_002.jpg
base/cls+mean,obj002,8,negative,0.03872252255678177,000000000025_88363d6214_giraffe_001.jpg,C:\Users\Karsel\Desktop\Final_tool\TransReID\data\dinov2_benchmark_sets\obj003\query\000000000025_88363d6214_giraffe_001.jpg
base/cls+mean,obj002,9,negative,0.030636707320809364,000000000072_46397b6948_giraffe_002.jpg,C:\Users\Karsel\Desktop\Final_tool\TransReID\data\dinov2_benchmark_sets\obj006\positives\000000000072_46397b6948_giraffe_002.jpg
base/cls+mean,obj002,10,negative,0.02919093705713749,000000000025_88363d6214_giraffe_002.jpg,C:\Users\Karsel\Desktop\Final_tool\TransReID\data\dinov2_benchmark_sets\obj003\positives\000000000025_88363d6214_giraffe_002.jpg
base/cls+mean,obj002,11,negative,-0.013351723551750183,000000000110_d9d8400e25_person_003.jpg,C:\Users\Karsel\Desktop\Final_tool\TransReID\data\dinov2_benchmark_sets\obj001\positives\000000000110_d9d8400e25_person_003.jpg
base/cls+mean,obj002,12,negative,-0.020640963688492775,000000000077_c8263abc6a_person_001.jpg,C:\Users\Karsel\Desktop\Final_tool\TransReID\data\dinov2_benchmark_sets\obj008\query\000000000077_c8263abc6a_person_001.jpg
base/cls+mean,obj003,1,positive,0.7584231495857239,000000000025_88363d6214_giraffe_002.jpg,C:\Users\Karsel\Desktop\Final_tool\TransReID\data\dinov2_benchmark_sets\obj003\positives\000000000025_88363d6214_giraffe_002.jpg
base/cls+mean,obj003,2,negative,0.708566427230835,000000000072_46397b6948_giraffe_001.jpg,C:\Users\Karsel\Desktop\Final_tool\TransReID\data\dinov2_benchmark_sets\obj006\query\000000000072_46397b6948_giraffe_001.jpg
base/cls+mean,obj003,3,negative,0.2631012201309204,000000000049_137127a32f_horse_002.jpg,C:\Users\Karsel\Desktop\Final_tool\TransReID\data\dinov2_benchmark_sets\obj004\positives\000000000049_137127a32f_horse_002.jpg
base/cls+mean,obj003,4,negative,0.24161818623542786,000000000061_07e10cc871_elephant_001.jpg,C:\Users\Karsel\Desktop\Final_tool\TransReID\data\dinov2_benchmark_sets\obj005\query\000000000061_07e10cc871_elephant_001.jpg
base/cls+mean,obj003,5,negative,0.08216285705566406,000000000089_15825807a0_book_008.jpg,C:\Users\Karsel\Desktop\Final_tool\TransReID\data\dinov2_benchmark_sets\obj009\query\000000000089_15825807a0_book_008.jpg
base/cls+mean,obj003,6,negative,0.07571046054363251,000000000077_c8263abc6a_person_001.jpg,C:\Users\Karsel\Desktop\Final_tool\TransReID\data\dinov2_benchmark_sets\obj008\query\000000000077_c8263abc6a_person_001.jpg
base/cls+mean,obj003,7,negative,0.0671643614768982,000000000109_75925eea5f_bench_001.jpg,C:\Users\Karsel\Desktop\Final_tool\TransReID\data\dinov2_benchmark_sets\obj010\query\000000000109_75925eea5f_bench_001.jpg
base/cls+mean,obj003,8,negative,0.045872762799263,000000000009_4547c12650_bowl_004.jpg,C:\Users\Karsel\Desktop\Final_tool\TransReID\data\dinov2_benchmark_sets\obj002\positives\000000000009_4547c12650_bowl_004.jpg
base/cls+mean,obj003,9,negative,0.03850182145833969,000000000009_4547c12650_bowl_002.jpg,C:\Users\Karsel\Desktop\Final_tool\TransReID\data\dinov2_benchmark_sets\obj002\query\000000000009_4547c12650_bowl_002.jpg
base/cls+mean,obj003,10,negative,0.010143405757844448,000000000109_75925eea5f_bench_002.jpg,C:\Users\Karsel\Desktop\Final_tool\TransReID\data\dinov2_benchmark_sets\obj010\positives\000000000109_75925eea5f_bench_002.jpg
base/cls+mean,obj003,11,negative,-0.026917554438114166,000000000110_d9d8400e25_person_001.jpg,C:\Users\Karsel\Desktop\Final_tool\TransReID\data\dinov2_benchmark_sets\obj001\query\000000000110_d9d8400e25_person_001.jpg
base/cls+mean,obj004,1,positive,0.8141351342201233,000000000049_137127a32f_horse_002.jpg,C:\Users\Karsel\Desktop\Final_tool\TransReID\data\dinov2_benchmark_sets\obj004\positives\000000000049_137127a32f_horse_002.jpg
base/cls+mean,obj004,2,negative,0.4495776295661926,000000000061_07e10cc871_elephant_002.jpg,C:\Users\Karsel\Desktop\Final_tool\TransReID\data\dinov2_benchmark_sets\obj005\positives\000000000061_07e10cc871_elephant_002.jpg
base/cls+mean,obj004,3,negative,0.31571459770202637,000000000025_88363d6214_giraffe_001.jpg,C:\Users\Karsel\Desktop\Final_tool\TransReID\data\dinov2_benchmark_sets\obj003\query\000000000025_88363d6214_giraffe_001.jpg
base/cls+mean,obj004,4,negative,0.2818428575992584,000000000025_88363d6214_giraffe_002.jpg,C:\Users\Karsel\Desktop\Final_tool\TransReID\data\dinov2_benchmark_sets\obj003\positives\000000000025_88363d6214_giraffe_002.jpg
base/cls+mean,obj004,5,negative,0.2793233394622803,000000000072_46397b6948_giraffe_002.jpg,C:\Users\Karsel\Desktop\Final_tool\TransReID\data\dinov2_benchmark_sets\obj006\positives\000000000072_46397b6948_giraffe_002.jpg
base/cls+mean,obj004,6,negative,0.1452038586139679,000000000077_c8263abc6a_person_002.jpg,C:\Users\Karsel\Desktop\Final_tool\TransReID\data\dinov2_benchmark_sets\obj008\positives\000000000077_c8263abc6a_person_002.jpg
base/cls+mean,obj004,7,negative,0.09589831531047821,000000000073_0145c50ed4_motorcycle_002.jpg,C:\Users\Karsel\Desktop\Final_tool\TransReID\data\dinov2_benchmark_sets\obj007\positives\000000000073_0145c50ed4_motorcycle_002.jpg
base/cls+mean,obj004,8,negative,0.061823755502700806,000000000089_15825807a0_book_008.jpg,C:\Users\Karsel\Desktop\Final_tool\TransReID\data\dinov2_benchmark_sets\obj009\query\000000000089_15825807a0_book_008.jpg
base/cls+mean,obj004,9,negative,0.05358078330755234,000000000073_0145c50ed4_motorcycle_001.jpg,C:\Users\Karsel\Desktop\Final_tool\TransReID\data\dinov2_benchmark_sets\obj007\query\000000000073_0145c50ed4_motorcycle_001.jpg
base/cls+mean,obj004,10,negative,0.040167152881622314,000000000110_d9d8400e25_person_003.jpg,C:\Users\Karsel\Desktop\Final_tool\TransReID\data\dinov2_benchmark_sets\obj001\positives\000000000110_d9d8400e25_person_003.jpg
base/cls+mean,obj004,11,negative,0.022739041596651077,000000000009_4547c12650_bowl_004.jpg,C:\Users\Karsel\Desktop\Final_tool\TransReID\data\dinov2_benchmark_sets\obj002\positives\000000000009_4547c12650_bowl_004.jpg
base/cls+mean,obj005,1,positive,0.6335054039955139,000000000061_07e10cc871_elephant_002.jpg,C:\Users\Karsel\Desktop\Final_tool\TransReID\data\dinov2_benchmark_sets\obj005\positives\000000000061_07e10cc871_elephant_002.jpg
base/cls+mean,obj005,2,negative,0.323306143283844,000000000049_137127a32f_horse_002.jpg,C:\Users\Karsel\Desktop\Final_tool\TransReID\data\dinov2_benchmark_sets\obj004\positives\000000000049_137127a32f_horse_002.jpg
base/cls+mean,obj005,3,negative,0.29682469367980957,000000000049_137127a32f_horse_001.jpg,C:\Users\Karsel\Desktop\Final_tool\TransReID\data\dinov2_benchmark_sets\obj004\query\000000000049_137127a32f_horse_001.jpg
base/cls+mean,obj005,4,negative,0.2193753868341446,000000000025_88363d6214_giraffe_002.jpg,C:\Users\Karsel\Desktop\Final_tool\TransReID\data\dinov2_benchmark_sets\obj003\positives\000000000025_88363d6214_giraffe_002.jpg
base/cls+mean,obj005,5,negative,0.1755785346031189,000000000089_15825807a0_book_008.jpg,C:\Users\Karsel\Desktop\Final_tool\TransReID\data\dinov2_benchmark_sets\obj009\query\000000000089_15825807a0_book_008.jpg
base/cls+mean,obj005,6,negative,0.12643660604953766,000000000109_75925eea5f_bench_001.jpg,C:\Users\Karsel\Desktop\Final_tool\TransReID\data\dinov2_benchmark_sets\obj010\query\000000000109_75925eea5f_bench_001.jpg
base/cls+mean,obj005,7,negative,0.09299252182245255,000000000109_75925eea5f_bench_002.jpg,C:\Users\Karsel\Desktop\Final_tool\TransReID\data\dinov2_benchmark_sets\obj010\positives\000000000109_75925eea5f_bench_002.jpg
base/cls+mean,obj005,8,negative,0.08456079661846161,000000000073_0145c50ed4_motorcycle_001.jpg,C:\Users\Karsel\Desktop\Final_tool\TransReID\data\dinov2_benchmark_sets\obj007\query\000000000073_0145c50ed4_motorcycle_001.jpg
base/cls+mean,obj005,9,negative,0.08128271251916885,000000000089_15825807a0_book_009.jpg,C:\Users\Karsel\Desktop\Final_tool\TransReID\data\dinov2_benchmark_sets\obj009\positives\000000000089_15825807a0_book_009.jpg
base/cls+mean,obj005,10,negative,0.07324177026748657,000000000077_c8263abc6a_person_002.jpg,C:\Users\Karsel\Desktop\Final_tool\TransReID\data\dinov2_benchmark_sets\obj008\positives\000000000077_c8263abc6a_person_002.jpg
base/cls+mean,obj005,11,negative,0.06063620001077652,000000000110_d9d8400e25_person_003.jpg,C:\Users\Karsel\Desktop\Final_tool\TransReID\data\dinov2_benchmark_sets\obj001\positives\000000000110_d9d8400e25_person_003.jpg
base/cls+mean,obj006,1,positive,0.7914425134658813,000000000072_46397b6948_giraffe_002.jpg,C:\Users\Karsel\Desktop\Final_tool\TransReID\data\dinov2_benchmark_sets\obj006\positives\000000000072_46397b6948_giraffe_002.jpg
base/cls+mean,obj006,2,negative,0.6971428394317627,000000000025_88363d6214_giraffe_002.jpg,C:\Users\Karsel\Desktop\Final_tool\TransReID\data\dinov2_benchmark_sets\obj003\positives\000000000025_88363d6214_giraffe_002.jpg
base/cls+mean,obj006,3,negative,0.2652983069419861,000000000061_07e10cc871_elephant_002.jpg,C:\Users\Karsel\Desktop\Final_tool\TransReID\data\dinov2_benchmark_sets\obj005\positives\000000000061_07e10cc871_elephant_002.jpg
base/cls+mean,obj006,4,negative,0.22039151191711426,000000000061_07e10cc871_elephant_001.jpg,C:\Users\Karsel\Desktop\Final_tool\TransReID\data\dinov2_benchmark_sets\obj005\query\000000000061_07e10cc871_elephant_001.jpg
base/cls+mean,obj006,5,negative,0.07348436117172241,000000000009_4547c12650_bowl_004.jpg,C:\Users\Karsel\Desktop\Final_tool\TransReID\data\dinov2_benchmark_sets\obj002\positives\000000000009_4547c12650_bowl_004.jpg
base/cls+mean,obj006,6,negative,0.07249628752470016,000000000009_4547c12650_bowl_003.jpg,C:\Users\Karsel\Desktop\Final_tool\TransReID\data\dinov2_benchmark_sets\obj002\positives\000000000009_4547c12650_bowl_003.jpg
base/cls+mean,obj006,7,negative,0.04632514715194702,000000000109_75925eea5f_bench_001.jpg,C:\Users\Karsel\Desktop\Final_tool\TransReID\data\dinov2_benchmark_sets\obj010\query\000000000109_75925eea5f_bench_001.jpg
base/cls+mean,obj006,8,negative,0.03954186663031578,000000000073_0145c50ed4_motorcycle_001.jpg,C:\Users\Karsel\Desktop\Final_tool\TransReID\data\dinov2_benchmark_sets\obj007\query\000000000073_0145c50ed4_motorcycle_001.jpg
base/cls+mean,obj006,9,negative,0.031585946679115295,000000000089_15825807a0_book_009.jpg,C:\Users\Karsel\Desktop\Final_tool\TransReID\data\dinov2_benchmark_sets\obj009\positives\000000000089_15825807a0_book_009.jpg
base/cls+mean,obj006,10,negative,0.008029134012758732,000000000110_d9d8400e25_person_003.jpg,C:\Users\Karsel\Desktop\Final_tool\TransReID\data\dinov2_benchmark_sets\obj001\positives\000000000110_d9d8400e25_person_003.jpg
base/cls+mean,obj006,11,negative,-0.021204255521297455,000000000110_d9d8400e25_person_001.jpg,C:\Users\Karsel\Desktop\Final_tool\TransReID\data\dinov2_benchmark_sets\obj001\query\000000000110_d9d8400e25_person_001.jpg
base/cls+mean,obj007,1,positive,0.6979752779006958,000000000073_0145c50ed4_motorcycle_002.jpg,C:\Users\Karsel\Desktop\Final_tool\TransReID\data\dinov2_benchmark_sets\obj007\positives\000000000073_0145c50ed4_motorcycle_002.jpg
base/cls+mean,obj007,2,negative,0.06926490366458893,000000000061_07e10cc871_elephant_002.jpg,C:\Users\Karsel\Desktop\Final_tool\TransReID\data\dinov2_benchmark_sets\obj005\positives\000000000061_07e10cc871_elephant_002.jpg
base/cls+mean,obj007,3,negative,0.05358078330755234,000000000049_137127a32f_horse_001.jpg,C:\Users\Karsel\Desktop\Final_tool\TransReID\data\dinov2_benchmark_sets\obj004\query\000000000049_137127a32f_horse_001.jpg
base/cls+mean,obj007,4,negative,0.053150031715631485,000000000072_46397b6948_giraffe_002.jpg,C:\Users\Karsel\Desktop\Final_tool\TransReID\data\dinov2_benchmark_sets\obj006\positives\000000000072_46397b6948_giraffe_002.jpg
base/cls+mean,obj007,5,negative,0.03954187035560608,000000000072_46397b6948_giraffe_001.jpg,C:\Users\Karsel\Desktop\Final_tool\TransReID\data\dinov2_benchmark_sets\obj006\query\000000000072_46397b6948_giraffe_001.jpg
base/cls+mean,obj007,6,negative,0.026252109557390213,000000000025_88363d6214_giraffe_001.jpg,C:\Users\Karsel\Desktop\Final_tool\TransReID\data\dinov2_benchmark_sets\obj003\query\000000000025_88363d6214_giraffe_001.jpg
base/cls+mean,obj007,7,negative,0.01853172294795513,000000000009_4547c12650_bowl_003.jpg,C:\Users\Karsel\Desktop\Final_tool\TransReID\data\dinov2_benchmark_sets\obj002\positives\000000000009_4547c12650_bowl_003.jpg
base/cls+mean,obj007,8,negative,0.011014535091817379,000000000109_75925eea5f_bench_001.jpg,C:\Users\Karsel\Desktop\Final_tool\TransReID\data\dinov2_benchmark_sets\obj010\query\000000000109_75925eea5f_bench_001.jpg
base/cls+mean,obj007,9,negative,0.0060698240995407104,000000000009_4547c12650_bowl_004.jpg,C:\Users\Karsel\Desktop\Final_tool\TransReID\data\dinov2_benchmark_sets\obj002\positives\000000000009_4547c12650_bowl_004.jpg
base/cls+mean,obj007,10,negative,-0.00029617175459861755,000000000009_4547c12650_bowl_002.jpg,C:\Users\Karsel\Desktop\Final_tool\TransReID\data\dinov2_benchmark_sets\obj002\query\000000000009_4547c12650_bowl_002.jpg
base/cls+mean,obj007,11,negative,-0.019250350072979927,000000000109_75925eea5f_bench_002.jpg,C:\Users\Karsel\Desktop\Final_tool\TransReID\data\dinov2_benchmark_sets\obj010\positives\000000000109_75925eea5f_bench_002.jpg
base/cls+mean,obj008,1,positive,0.5548826456069946,000000000077_c8263abc6a_person_002.jpg,C:\Users\Karsel\Desktop\Final_tool\TransReID\data\dinov2_benchmark_sets\obj008\positives\000000000077_c8263abc6a_person_002.jpg
base/cls+mean,obj008,2,negative,0.14827826619148254,000000000049_137127a32f_horse_002.jpg,C:\Users\Karsel\Desktop\Final_tool\TransReID\data\dinov2_benchmark_sets\obj004\positives\000000000049_137127a32f_horse_002.jpg
base/cls+mean,obj008,3,negative,0.12856608629226685,000000000025_88363d6214_giraffe_002.jpg,C:\Users\Karsel\Desktop\Final_tool\TransReID\data\dinov2_benchmark_sets\obj003\positives\000000000025_88363d6214_giraffe_002.jpg
base/cls+mean,obj008,4,negative,0.08872348070144653,000000000061_07e10cc871_elephant_001.jpg,C:\Users\Karsel\Desktop\Final_tool\TransReID\data\dinov2_benchmark_sets\obj005\query\000000000061_07e10cc871_elephant_001.jpg
base/cls+mean,obj008,5,negative,0.08064243197441101,000000000072_46397b6948_giraffe_001.jpg,C:\Users\Karsel\Desktop\Final_tool\TransReID\data\dinov2_benchmark_sets\obj006\query\000000000072_46397b6948_giraffe_001.jpg
base/cls+mean,obj008,6,negative,0.07612846791744232,000000000072_46397b6948_giraffe_002.jpg,C:\Users\Karsel\Desktop\Final_tool\TransReID\data\dinov2_benchmark_sets\obj006\positives\000000000072_46397b6948_giraffe_002.jpg
base/cls+mean,obj008,7,negative,0.05839919298887253,000000000089_15825807a0_book_008.jpg,C:\Users\Karsel\Desktop\Final_tool\TransReID\data\dinov2_benchmark_sets\obj009\query\000000000089_15825807a0_book_008.jpg
base/cls+mean,obj008,8,negative,0.04821191355586052,000000000089_15825807a0_book_009.jpg,C:\Users\Karsel\Desktop\Final_tool\TransReID\data\dinov2_benchmark_sets\obj009\positives\000000000089_15825807a0_book_009.jpg
base/cls+mean,obj008,9,negative,0.03710189089179039,000000000061_07e10cc871_elephant_002.jpg,C:\Users\Karsel\Desktop\Final_tool\TransReID\data\dinov2_benchmark_sets\obj005\positives\000000000061_07e10cc871_elephant_002.jpg
base/cls+mean,obj008,10,negative,-0.020516501739621162,000000000009_4547c12650_bowl_002.jpg,C:\Users\Karsel\Desktop\Final_tool\TransReID\data\dinov2_benchmark_sets\obj002\query\000000000009_4547c12650_bowl_002.jpg
base/cls+mean,obj008,11,negative,-0.04909790679812431,000000000009_4547c12650_bowl_003.jpg,C:\Users\Karsel\Desktop\Final_tool\TransReID\data\dinov2_benchmark_sets\obj002\positives\000000000009_4547c12650_bowl_003.jpg
base/cls+mean,obj009,1,negative,0.4903511106967926,000000000109_75925eea5f_bench_001.jpg,C:\Users\Karsel\Desktop\Final_tool\TransReID\data\dinov2_benchmark_sets\obj010\query\000000000109_75925eea5f_bench_001.jpg
base/cls+mean,obj009,2,positive,0.36768484115600586,000000000089_15825807a0_book_009.jpg,C:\Users\Karsel\Desktop\Final_tool\TransReID\data\dinov2_benchmark_sets\obj009\positives\000000000089_15825807a0_book_009.jpg
base/cls+mean,obj009,3,negative,0.08216285705566406,000000000025_88363d6214_giraffe_001.jpg,C:\Users\Karsel\Desktop\Final_tool\TransReID\data\dinov2_benchmark_sets\obj003\query\000000000025_88363d6214_giraffe_001.jpg
base/cls+mean,obj009,4,negative,0.06944941729307175,000000000061_07e10cc871_elephant_002.jpg,C:\Users\Karsel\Desktop\Final_tool\TransReID\data\dinov2_benchmark_sets\obj005\positives\000000000061_07e10cc871_elephant_002.jpg
base/cls+mean,obj009,5,negative,0.0618237629532814,000000000049_137127a32f_horse_001.jpg,C:\Users\Karsel\Desktop\Final_tool\TransReID\data\dinov2_benchmark_sets\obj004\query\000000000049_137127a32f_horse_001.jpg
base/cls+mean,obj009,6,negative,0.047778669744729996,000000000049_137127a32f_horse_002.jpg,C:\Users\Karsel\Desktop\Final_tool\TransReID\data\dinov2_benchmark_sets\obj004\positives\000000000049_137127a32f_horse_002.jpg
base/cls+mean,obj009,7,negative,0.04774940013885498,000000000072_46397b6948_giraffe_001.jpg,C:\Users\Karsel\Desktop\Final_tool\TransReID\data\dinov2_benchmark_sets\obj006\query\000000000072_46397b6948_giraffe_001.jpg
base/cls+mean,obj009,8,negative,0.03956083953380585,000000000009_4547c12650_bowl_003.jpg,C:\Users\Karsel\Desktop\Final_tool\TransReID\data\dinov2_benchmark_sets\obj002\positives\000000000009_4547c12650_bowl_003.jpg
base/cls+mean,obj009,9,negative,0.03943374380469322,000000000072_46397b6948_giraffe_002.jpg,C:\Users\Karsel\Desktop\Final_tool\TransReID\data\dinov2_benchmark_sets\obj006\positives\000000000072_46397b6948_giraffe_002.jpg
base/cls+mean,obj009,10,negative,0.02684440091252327,000000000110_d9d8400e25_person_001.jpg,C:\Users\Karsel\Desktop\Final_tool\TransReID\data\dinov2_benchmark_sets\obj001\query\000000000110_d9d8400e25_person_001.jpg
base/cls+mean,obj009,11,negative,-0.024989081546664238,000000000073_0145c50ed4_motorcycle_002.jpg,C:\Users\Karsel\Desktop\Final_tool\TransReID\data\dinov2_benchmark_sets\obj007\positives\000000000073_0145c50ed4_motorcycle_002.jpg
base/cls+mean,obj010,1,positive,0.8493010997772217,000000000109_75925eea5f_bench_002.jpg,C:\Users\Karsel\Desktop\Final_tool\TransReID\data\dinov2_benchmark_sets\obj010\positives\000000000109_75925eea5f_bench_002.jpg
base/cls+mean,obj010,2,negative,0.12643660604953766,000000000061_07e10cc871_elephant_001.jpg,C:\Users\Karsel\Desktop\Final_tool\TransReID\data\dinov2_benchmark_sets\obj005\query\000000000061_07e10cc871_elephant_001.jpg
base/cls+mean,obj010,3,negative,0.07640039920806885,000000000049_137127a32f_horse_002.jpg,C:\Users\Karsel\Desktop\Final_tool\TransReID\data\dinov2_benchmark_sets\obj004\positives\000000000049_137127a32f_horse_002.jpg
base/cls+mean,obj010,4,negative,0.0700632631778717,000000000049_137127a32f_horse_001.jpg,C:\Users\Karsel\Desktop\Final_tool\TransReID\data\dinov2_benchmark_sets\obj004\query\000000000049_137127a32f_horse_001.jpg
base/cls+mean,obj010,5,negative,0.06761841475963593,000000000061_07e10cc871_elephant_002.jpg,C:\Users\Karsel\Desktop\Final_tool\TransReID\data\dinov2_benchmark_sets\obj005\positives\000000000061_07e10cc871_elephant_002.jpg
base/cls+mean,obj010,6,negative,0.0671643540263176,000000000025_88363d6214_giraffe_001.jpg,C:\Users\Karsel\Desktop\Final_tool\TransReID\data\dinov2_benchmark_sets\obj003\query\000000000025_88363d6214_giraffe_001.jpg
base/cls+mean,obj010,7,negative,0.04632514715194702,000000000072_46397b6948_giraffe_001.jpg,C:\Users\Karsel\Desktop\Final_tool\TransReID\data\dinov2_benchmark_sets\obj006\query\000000000072_46397b6948_giraffe_001.jpg
base/cls+mean,obj010,8,negative,0.03184492141008377,000000000072_46397b6948_giraffe_002.jpg,C:\Users\Karsel\Desktop\Final_tool\TransReID\data\dinov2_benchmark_sets\obj006\positives\000000000072_46397b6948_giraffe_002.jpg
base/cls+mean,obj010,9,negative,0.021339327096939087,000000000009_4547c12650_bowl_003.jpg,C:\Users\Karsel\Desktop\Final_tool\TransReID\data\dinov2_benchmark_sets\obj002\positives\000000000009_4547c12650_bowl_003.jpg
base/cls+mean,obj010,10,negative,0.020125769078731537,000000000009_4547c12650_bowl_002.jpg,C:\Users\Karsel\Desktop\Final_tool\TransReID\data\dinov2_benchmark_sets\obj002\query\000000000009_4547c12650_bowl_002.jpg
base/cls+mean,obj010,11,negative,0.009569435380399227,000000000073_0145c50ed4_motorcycle_002.jpg,C:\Users\Karsel\Desktop\Final_tool\TransReID\data\dinov2_benchmark_sets\obj007\positives\000000000073_0145c50ed4_motorcycle_002.jpg
registers/cls,obj001,1,positive,0.13502703607082367,000000000110_d9d8400e25_person_003.jpg,C:\Users\Karsel\Desktop\Final_tool\TransReID\data\dinov2_benchmark_sets\obj001\positives\000000000110_d9d8400e25_person_003.jpg
registers/cls,obj001,2,negative,0.061890602111816406,000000000072_46397b6948_giraffe_002.jpg,C:\Users\Karsel\Desktop\Final_tool\TransReID\data\dinov2_benchmark_sets\obj006\positives\000000000072_46397b6948_giraffe_002.jpg
registers/cls,obj001,3,negative,0.04732533544301987,000000000073_0145c50ed4_motorcycle_001.jpg,C:\Users\Karsel\Desktop\Final_tool\TransReID\data\dinov2_benchmark_sets\obj007\query\000000000073_0145c50ed4_motorcycle_001.jpg
registers/cls,obj001,4,negative,0.03664810210466385,000000000025_88363d6214_giraffe_001.jpg,C:\Users\Karsel\Desktop\Final_tool\TransReID\data\dinov2_benchmark_sets\obj003\query\000000000025_88363d6214_giraffe_001.jpg
registers/cls,obj001,5,negative,0.0281999334692955,000000000089_15825807a0_book_009.jpg,C:\Users\Karsel\Desktop\Final_tool\TransReID\data\dinov2_benchmark_sets\obj009\positives\000000000089_15825807a0_book_009.jpg
registers/cls,obj001,6,negative,0.025443416088819504,000000000009_4547c12650_bowl_004.jpg,C:\Users\Karsel\Desktop\Final_tool\TransReID\data\dinov2_benchmark_sets\obj002\positives\000000000009_4547c12650_bowl_004.jpg
registers/cls,obj001,7,negative,0.024571336805820465,000000000009_4547c12650_bowl_002.jpg,C:\Users\Karsel\Desktop\Final_tool\TransReID\data\dinov2_benchmark_sets\obj002\query\000000000009_4547c12650_bowl_002.jpg
registers/cls,obj001,8,negative,0.006438718177378178,000000000009_4547c12650_bowl_003.jpg,C:\Users\Karsel\Desktop\Final_tool\TransReID\data\dinov2_benchmark_sets\obj002\positives\000000000009_4547c12650_bowl_003.jpg
registers/cls,obj001,9,negative,-0.007422379218041897,000000000061_07e10cc871_elephant_002.jpg,C:\Users\Karsel\Desktop\Final_tool\TransReID\data\dinov2_benchmark_sets\obj005\positives\000000000061_07e10cc871_elephant_002.jpg
registers/cls,obj001,10,negative,-0.023508604615926743,000000000109_75925eea5f_bench_002.jpg,C:\Users\Karsel\Desktop\Final_tool\TransReID\data\dinov2_benchmark_sets\obj010\positives\000000000109_75925eea5f_bench_002.jpg
registers/cls,obj001,11,negative,-0.0575362890958786,000000000061_07e10cc871_elephant_001.jpg,C:\Users\Karsel\Desktop\Final_tool\TransReID\data\dinov2_benchmark_sets\obj005\query\000000000061_07e10cc871_elephant_001.jpg
registers/cls,obj002,1,positive,0.8164104223251343,000000000009_4547c12650_bowl_004.jpg,C:\Users\Karsel\Desktop\Final_tool\TransReID\data\dinov2_benchmark_sets\obj002\positives\000000000009_4547c12650_bowl_004.jpg
registers/cls,obj002,2,positive,0.7433587312698364,000000000009_4547c12650_bowl_003.jpg,C:\Users\Karsel\Desktop\Final_tool\TransReID\data\dinov2_benchmark_sets\obj002\positives\000000000009_4547c12650_bowl_003.jpg
registers/cls,obj002,3,negative,0.06557531654834747,000000000025_88363d6214_giraffe_002.jpg,C:\Users\Karsel\Desktop\Final_tool\TransReID\data\dinov2_benchmark_sets\obj003\positives\000000000025_88363d6214_giraffe_002.jpg
registers/cls,obj002,4,negative,0.05602263659238815,000000000072_46397b6948_giraffe_002.jpg,C:\Users\Karsel\Desktop\Final_tool\TransReID\data\dinov2_benchmark_sets\obj006\positives\000000000072_46397b6948_giraffe_002.jpg
registers/cls,obj002,5,negative,0.05221620202064514,000000000072_46397b6948_giraffe_001.jpg,C:\Users\Karsel\Desktop\Final_tool\TransReID\data\dinov2_benchmark_sets\obj006\query\000000000072_46397b6948_giraffe_001.jpg
registers/cls,obj002,6,negative,0.029992645606398582,000000000025_88363d6214_giraffe_001.jpg,C:\Users\Karsel\Desktop\Final_tool\TransReID\data\dinov2_benchmark_sets\obj003\query\000000000025_88363d6214_giraffe_001.jpg
registers/cls,obj002,7,negative,0.022541511803865433,000000000110_d9d8400e25_person_001.jpg,C:\Users\Karsel\Desktop\Final_tool\TransReID\data\dinov2_benchmark_sets\obj001\query\000000000110_d9d8400e25_person_001.jpg
registers/cls,obj002,8,negative,0.019040051847696304,000000000077_c8263abc6a_person_002.jpg,C:\Users\Karsel\Desktop\Final_tool\TransReID\data\dinov2_benchmark_sets\obj008\positives\000000000077_c8263abc6a_person_002.jpg
registers/cls,obj002,9,negative,0.00011913478374481201,000000000089_15825807a0_book_009.jpg,C:\Users\Karsel\Desktop\Final_tool\TransReID\data\dinov2_benchmark_sets\obj009\positives\000000000089_15825807a0_book_009.jpg
registers/cls,obj002,10,negative,-0.006592410616576672,000000000077_c8263abc6a_person_001.jpg,C:\Users\Karsel\Desktop\Final_tool\TransReID\data\dinov2_benchmark_sets\obj008\query\000000000077_c8263abc6a_person_001.jpg
registers/cls,obj002,11,negative,-0.009171644225716591,000000000089_15825807a0_book_008.jpg,C:\Users\Karsel\Desktop\Final_tool\TransReID\data\dinov2_benchmark_sets\obj009\query\000000000089_15825807a0_book_008.jpg
registers/cls,obj002,12,negative,-0.013066532090306282,000000000110_d9d8400e25_person_003.jpg,C:\Users\Karsel\Desktop\Final_tool\TransReID\data\dinov2_benchmark_sets\obj001\positives\000000000110_d9d8400e25_person_003.jpg
registers/cls,obj003,1,positive,0.8563737869262695,000000000025_88363d6214_giraffe_002.jpg,C:\Users\Karsel\Desktop\Final_tool\TransReID\data\dinov2_benchmark_sets\obj003\positives\000000000025_88363d6214_giraffe_002.jpg
registers/cls,obj003,2,negative,0.8512468338012695,000000000072_46397b6948_giraffe_001.jpg,C:\Users\Karsel\Desktop\Final_tool\TransReID\data\dinov2_benchmark_sets\obj006\query\000000000072_46397b6948_giraffe_001.jpg
registers/cls,obj003,3,negative,0.05594024807214737,000000000077_c8263abc6a_person_001.jpg,C:\Users\Karsel\Desktop\Final_tool\TransReID\data\dinov2_benchmark_sets\obj008\query\000000000077_c8263abc6a_person_001.jpg
registers/cls,obj003,4,negative,0.051990848034620285,000000000049_137127a32f_horse_002.jpg,C:\Users\Karsel\Desktop\Final_tool\TransReID\data\dinov2_benchmark_sets\obj004\positives\000000000049_137127a32f_horse_002.jpg
registers/cls,obj003,5,negative,0.038166482001543045,000000000061_07e10cc871_elephant_001.jpg,C:\Users\Karsel\Desktop\Final_tool\TransReID\data\dinov2_benchmark_sets\obj005\query\000000000061_07e10cc871_elephant_001.jpg
registers/cls,obj003,6,negative,0.03664810210466385,000000000110_d9d8400e25_person_001.jpg,C:\Users\Karsel\Desktop\Final_tool\TransReID\data\dinov2_benchmark_sets\obj001\query\000000000110_d9d8400e25_person_001.jpg
registers/cls,obj003,7,negative,0.030062828212976456,000000000009_4547c12650_bowl_002.jpg,C:\Users\Karsel\Desktop\Final_tool\TransReID\data\dinov2_benchmark_sets\obj002\query\000000000009_4547c12650_bowl_002.jpg
registers/cls,obj003,8,negative,0.016701091080904007,000000000089_15825807a0_book_008.jpg,C:\Users\Karsel\Desktop\Final_tool\TransReID\data\dinov2_benchmark_sets\obj009\query\000000000089_15825807a0_book_008.jpg
registers/cls,obj003,9,negative,0.006561622954905033,000000000009_4547c12650_bowl_004.jpg,C:\Users\Karsel\Desktop\Final_tool\TransReID\data\dinov2_benchmark_sets\obj002\positives\000000000009_4547c12650_bowl_004.jpg
registers/cls,obj003,10,negative,-0.004437901079654694,000000000109_75925eea5f_bench_001.jpg,C:\Users\Karsel\Desktop\Final_tool\TransReID\data\dinov2_benchmark_sets\obj010\query\000000000109_75925eea5f_bench_001.jpg
registers/cls,obj003,11,negative,-0.019295280799269676,000000000109_75925eea5f_bench_002.jpg,C:\Users\Karsel\Desktop\Final_tool\TransReID\data\dinov2_benchmark_sets\obj010\positives\000000000109_75925eea5f_bench_002.jpg
registers/cls,obj004,1,positive,0.8027056455612183,000000000049_137127a32f_horse_002.jpg,C:\Users\Karsel\Desktop\Final_tool\TransReID\data\dinov2_benchmark_sets\obj004\positives\000000000049_137127a32f_horse_002.jpg
registers/cls,obj004,2,negative,0.22243964672088623,000000000061_07e10cc871_elephant_002.jpg,C:\Users\Karsel\Desktop\Final_tool\TransReID\data\dinov2_benchmark_sets\obj005\positives\000000000061_07e10cc871_elephant_002.jpg
registers/cls,obj004,3,negative,0.10354071855545044,000000000077_c8263abc6a_person_002.jpg,C:\Users\Karsel\Desktop\Final_tool\TransReID\data\dinov2_benchmark_sets\obj008\positives\000000000077_c8263abc6a_person_002.jpg
registers/cls,obj004,4,negative,0.07343479990959167,000000000073_0145c50ed4_motorcycle_002.jpg,C:\Users\Karsel\Desktop\Final_tool\TransReID\data\dinov2_benchmark_sets\obj007\positives\000000000073_0145c50ed4_motorcycle_002.jpg
registers/cls,obj004,5,negative,0.04928840696811676,000000000072_46397b6948_giraffe_002.jpg,C:\Users\Karsel\Desktop\Final_tool\TransReID\data\dinov2_benchmark_sets\obj006\positives\000000000072_46397b6948_giraffe_002.jpg
registers/cls,obj004,6,negative,0.04355369508266449,000000000025_88363d6214_giraffe_001.jpg,C:\Users\Karsel\Desktop\Final_tool\TransReID\data\dinov2_benchmark_sets\obj003\query\000000000025_88363d6214_giraffe_001.jpg
registers/cls,obj004,7,negative,0.0298505537211895,000000000025_88363d6214_giraffe_002.jpg,C:\Users\Karsel\Desktop\Final_tool\TransReID\data\dinov2_benchmark_sets\obj003\positives\000000000025_88363d6214_giraffe_002.jpg
registers/cls,obj004,8,negative,0.014755265787243843,000000000089_15825807a0_book_008.jpg,C:\Users\Karsel\Desktop\Final_tool\TransReID\data\dinov2_benchmark_sets\obj009\query\000000000089_15825807a0_book_008.jpg
registers/cls,obj004,9,negative,0.0073572006076574326,000000000009_4547c12650_bowl_004.jpg,C:\Users\Karsel\Desktop\Final_tool\TransReID\data\dinov2_benchmark_sets\obj002\positives\000000000009_4547c12650_bowl_004.jpg
registers/cls,obj004,10,negative,-0.012606807053089142,000000000073_0145c50ed4_motorcycle_001.jpg,C:\Users\Karsel\Desktop\Final_tool\TransReID\data\dinov2_benchmark_sets\obj007\query\000000000073_0145c50ed4_motorcycle_001.jpg
registers/cls,obj004,11,negative,-0.04815751686692238,000000000110_d9d8400e25_person_003.jpg,C:\Users\Karsel\Desktop\Final_tool\TransReID\data\dinov2_benchmark_sets\obj001\positives\000000000110_d9d8400e25_person_003.jpg
registers/cls,obj005,1,positive,0.5686766505241394,000000000061_07e10cc871_elephant_002.jpg,C:\Users\Karsel\Desktop\Final_tool\TransReID\data\dinov2_benchmark_sets\obj005\positives\000000000061_07e10cc871_elephant_002.jpg
registers/cls,obj005,2,negative,0.23557297885417938,000000000049_137127a32f_horse_001.jpg,C:\Users\Karsel\Desktop\Final_tool\TransReID\data\dinov2_benchmark_sets\obj004\query\000000000049_137127a32f_horse_001.jpg
registers/cls,obj005,3,negative,0.1999058723449707,000000000049_137127a32f_horse_002.jpg,C:\Users\Karsel\Desktop\Final_tool\TransReID\data\dinov2_benchmark_sets\obj004\positives\000000000049_137127a32f_horse_002.jpg
registers/cls,obj005,4,negative,0.1315980851650238,000000000089_15825807a0_book_008.jpg,C:\Users\Karsel\Desktop\Final_tool\TransReID\data\dinov2_benchmark_sets\obj009\query\000000000089_15825807a0_book_008.jpg
registers/cls,obj005,5,negative,0.11916625499725342,000000000109_75925eea5f_bench_001.jpg,C:\Users\Karsel\Desktop\Final_tool\TransReID\data\dinov2_benchmark_sets\obj010\query\000000000109_75925eea5f_bench_001.jpg
registers/cls,obj005,6,negative,0.11170884221792221,000000000110_d9d8400e25_person_003.jpg,C:\Users\Karsel\Desktop\Final_tool\TransReID\data\dinov2_benchmark_sets\obj001\positives\000000000110_d9d8400e25_person_003.jpg
registers/cls,obj005,7,negative,0.06923684477806091,000000000025_88363d6214_giraffe_002.jpg,C:\Users\Karsel\Desktop\Final_tool\TransReID\data\dinov2_benchmark_sets\obj003\positives\000000000025_88363d6214_giraffe_002.jpg
registers/cls,obj005,8,negative,0.061990801244974136,000000000077_c8263abc6a_person_002.jpg,C:\Users\Karsel\Desktop\Final_tool\TransReID\data\dinov2_benchmark_sets\obj008\positives\000000000077_c8263abc6a_person_002.jpg
registers/cls,obj005,9,negative,0.06021994724869728,000000000109_75925eea5f_bench_002.jpg,C:\Users\Karsel\Desktop\Final_tool\TransReID\data\dinov2_benchmark_sets\obj010\positives\000000000109_75925eea5f_bench_002.jpg
registers/cls,obj005,10,negative,0.05666784569621086,000000000089_15825807a0_book_009.jpg,C:\Users\Karsel\Desktop\Final_tool\TransReID\data\dinov2_benchmark_sets\obj009\positives\000000000089_15825807a0_book_009.jpg
registers/cls,obj005,11,negative,-0.048051051795482635,000000000073_0145c50ed4_motorcycle_001.jpg,C:\Users\Karsel\Desktop\Final_tool\TransReID\data\dinov2_benchmark_sets\obj007\query\000000000073_0145c50ed4_motorcycle_001.jpg
registers/cls,obj006,1,positive,0.8981183767318726,000000000072_46397b6948_giraffe_002.jpg,C:\Users\Karsel\Desktop\Final_tool\TransReID\data\dinov2_benchmark_sets\obj006\positives\000000000072_46397b6948_giraffe_002.jpg
registers/cls,obj006,2,negative,0.8146697282791138,000000000025_88363d6214_giraffe_002.jpg,C:\Users\Karsel\Desktop\Final_tool\TransReID\data\dinov2_benchmark_sets\obj003\positives\000000000025_88363d6214_giraffe_002.jpg
registers/cls,obj006,3,negative,0.06250631809234619,000000000061_07e10cc871_elephant_002.jpg,C:\Users\Karsel\Desktop\Final_tool\TransReID\data\dinov2_benchmark_sets\obj005\positives\000000000061_07e10cc871_elephant_002.jpg
registers/cls,obj006,4,negative,0.05974500626325607,000000000061_07e10cc871_elephant_001.jpg,C:\Users\Karsel\Desktop\Final_tool\TransReID\data\dinov2_benchmark_sets\obj005\query\000000000061_07e10cc871_elephant_001.jpg
registers/cls,obj006,5,negative,0.055335965007543564,000000000110_d9d8400e25_person_001.jpg,C:\Users\Karsel\Desktop\Final_tool\TransReID\data\dinov2_benchmark_sets\obj001\query\000000000110_d9d8400e25_person_001.jpg
registers/cls,obj006,6,negative,0.019838448613882065,000000000009_4547c12650_bowl_004.jpg,C:\Users\Karsel\Desktop\Final_tool\TransReID\data\dinov2_benchmark_sets\obj002\positives\000000000009_4547c12650_bowl_004.jpg
registers/cls,obj006,7,negative,0.005472383461892605,000000000110_d9d8400e25_person_003.jpg,C:\Users\Karsel\Desktop\Final_tool\TransReID\data\dinov2_benchmark_sets\obj001\positives\000000000110_d9d8400e25_person_003.jpg
registers/cls,obj006,8,negative,0.0001388993114233017,000000000009_4547c12650_bowl_003.jpg,C:\Users\Karsel\Desktop\Final_tool\TransReID\data\dinov2_benchmark_sets\obj002\positives\000000000009_4547c12650_bowl_003.jpg
registers/cls,obj006,9,negative,-0.0014336244203150272,000000000073_0145c50ed4_motorcycle_001.jpg,C:\Users\Karsel\Desktop\Final_tool\TransReID\data\dinov2_benchmark_sets\obj007\query\000000000073_0145c50ed4_motorcycle_001.jpg
registers/cls,obj006,10,negative,-0.03075375407934189,000000000109_75925eea5f_bench_001.jpg,C:\Users\Karsel\Desktop\Final_tool\TransReID\data\dinov2_benchmark_sets\obj010\query\000000000109_75925eea5f_bench_001.jpg
registers/cls,obj006,11,negative,-0.03444686532020569,000000000089_15825807a0_book_009.jpg,C:\Users\Karsel\Desktop\Final_tool\TransReID\data\dinov2_benchmark_sets\obj009\positives\000000000089_15825807a0_book_009.jpg
registers/cls,obj007,1,positive,0.6284977197647095,000000000073_0145c50ed4_motorcycle_002.jpg,C:\Users\Karsel\Desktop\Final_tool\TransReID\data\dinov2_benchmark_sets\obj007\positives\000000000073_0145c50ed4_motorcycle_002.jpg
registers/cls,obj007,2,negative,0.07122043520212173,000000000109_75925eea5f_bench_001.jpg,C:\Users\Karsel\Desktop\Final_tool\TransReID\data\dinov2_benchmark_sets\obj010\query\000000000109_75925eea5f_bench_001.jpg
registers/cls,obj007,3,negative,0.06192364916205406,000000000009_4547c12650_bowl_003.jpg,C:\Users\Karsel\Desktop\Final_tool\TransReID\data\dinov2_benchmark_sets\obj002\positives\000000000009_4547c12650_bowl_003.jpg
registers/cls,obj007,4,negative,0.04817786067724228,000000000109_75925eea5f_bench_002.jpg,C:\Users\Karsel\Desktop\Final_tool\TransReID\data\dinov2_benchmark_sets\obj010\positives\000000000109_75925eea5f_bench_002.jpg
registers/cls,obj007,5,negative,0.02929006516933441,000000000009_4547c12650_bowl_004.jpg,C:\Users\Karsel\Desktop\Final_tool\TransReID\data\dinov2_benchmark_sets\obj002\positives\000000000009_4547c12650_bowl_004.jpg
registers/cls,obj007,6,negative,0.008921084925532341,000000000009_4547c12650_bowl_002.jpg,C:\Users\Karsel\Desktop\Final_tool\TransReID\data\dinov2_benchmark_sets\obj002\query\000000000009_4547c12650_bowl_002.jpg
registers/cls,obj007,7,negative,-0.0014336258172988892,000000000072_46397b6948_giraffe_001.jpg,C:\Users\Karsel\Desktop\Final_tool\TransReID\data\dinov2_benchmark_sets\obj006\query\000000000072_46397b6948_giraffe_001.jpg
registers/cls,obj007,8,negative,-0.01260681264102459,000000000049_137127a32f_horse_001.jpg,C:\Users\Karsel\Desktop\Final_tool\TransReID\data\dinov2_benchmark_sets\obj004\query\000000000049_137127a32f_horse_001.jpg
registers/cls,obj007,9,negative,-0.014733877964317799,000000000072_46397b6948_giraffe_002.jpg,C:\Users\Karsel\Desktop\Final_tool\TransReID\data\dinov2_benchmark_sets\obj006\positives\000000000072_46397b6948_giraffe_002.jpg
registers/cls,obj007,10,negative,-0.02499479241669178,000000000061_07e10cc871_elephant_002.jpg,C:\Users\Karsel\Desktop\Final_tool\TransReID\data\dinov2_benchmark_sets\obj005\positives\000000000061_07e10cc871_elephant_002.jpg
registers/cls,obj007,11,negative,-0.025019574910402298,000000000025_88363d6214_giraffe_001.jpg,C:\Users\Karsel\Desktop\Final_tool\TransReID\data\dinov2_benchmark_sets\obj003\query\000000000025_88363d6214_giraffe_001.jpg
registers/cls,obj008,1,positive,0.5815460681915283,000000000077_c8263abc6a_person_002.jpg,C:\Users\Karsel\Desktop\Final_tool\TransReID\data\dinov2_benchmark_sets\obj008\positives\000000000077_c8263abc6a_person_002.jpg
registers/cls,obj008,2,negative,0.09238888323307037,000000000049_137127a32f_horse_002.jpg,C:\Users\Karsel\Desktop\Final_tool\TransReID\data\dinov2_benchmark_sets\obj004\positives\000000000049_137127a32f_horse_002.jpg
registers/cls,obj008,3,negative,0.05357477068901062,000000000072_46397b6948_giraffe_002.jpg,C:\Users\Karsel\Desktop\Final_tool\TransReID\data\dinov2_benchmark_sets\obj006\positives\000000000072_46397b6948_giraffe_002.jpg
registers/cls,obj008,4,negative,0.04908088222146034,000000000025_88363d6214_giraffe_002.jpg,C:\Users\Karsel\Desktop\Final_tool\TransReID\data\dinov2_benchmark_sets\obj003\positives\000000000025_88363d6214_giraffe_002.jpg
registers/cls,obj008,5,negative,0.04754520580172539,000000000072_46397b6948_giraffe_001.jpg,C:\Users\Karsel\Desktop\Final_tool\TransReID\data\dinov2_benchmark_sets\obj006\query\000000000072_46397b6948_giraffe_001.jpg
registers/cls,obj008,6,negative,0.028134774416685104,000000000061_07e10cc871_elephant_002.jpg,C:\Users\Karsel\Desktop\Final_tool\TransReID\data\dinov2_benchmark_sets\obj005\positives\000000000061_07e10cc871_elephant_002.jpg
registers/cls,obj008,7,negative,0.025697141885757446,000000000061_07e10cc871_elephant_001.jpg,C:\Users\Karsel\Desktop\Final_tool\TransReID\data\dinov2_benchmark_sets\obj005\query\000000000061_07e10cc871_elephant_001.jpg
registers/cls,obj008,8,negative,0.01563294231891632,000000000089_15825807a0_book_008.jpg,C:\Users\Karsel\Desktop\Final_tool\TransReID\data\dinov2_benchmark_sets\obj009\query\000000000089_15825807a0_book_008.jpg
registers/cls,obj008,9,negative,0.010207636281847954,000000000089_15825807a0_book_009.jpg,C:\Users\Karsel\Desktop\Final_tool\TransReID\data\dinov2_benchmark_sets\obj009\positives\000000000089_15825807a0_book_009.jpg
registers/cls,obj008,10,negative,-0.007383961696177721,000000000009_4547c12650_bowl_002.jpg,C:\Users\Karsel\Desktop\Final_tool\TransReID\data\dinov2_benchmark_sets\obj002\query\000000000009_4547c12650_bowl_002.jpg
registers/cls,obj008,11,negative,-0.023459944874048233,000000000009_4547c12650_bowl_003.jpg,C:\Users\Karsel\Desktop\Final_tool\TransReID\data\dinov2_benchmark_sets\obj002\positives\000000000009_4547c12650_bowl_003.jpg
registers/cls,obj009,1,negative,0.40002530813217163,000000000109_75925eea5f_bench_001.jpg,C:\Users\Karsel\Desktop\Final_tool\TransReID\data\dinov2_benchmark_sets\obj010\query\000000000109_75925eea5f_bench_001.jpg
registers/cls,obj009,2,positive,0.27923524379730225,000000000089_15825807a0_book_009.jpg,C:\Users\Karsel\Desktop\Final_tool\TransReID\data\dinov2_benchmark_sets\obj009\positives\000000000089_15825807a0_book_009.jpg
registers/cls,obj009,3,negative,0.07637199759483337,000000000061_07e10cc871_elephant_002.jpg,C:\Users\Karsel\Desktop\Final_tool\TransReID\data\dinov2_benchmark_sets\obj005\positives\000000000061_07e10cc871_elephant_002.jpg
registers/cls,obj009,4,negative,0.03901710361242294,000000000110_d9d8400e25_person_001.jpg,C:\Users\Karsel\Desktop\Final_tool\TransReID\data\dinov2_benchmark_sets\obj001\query\000000000110_d9d8400e25_person_001.jpg
registers/cls,obj009,5,negative,0.016701091080904007,000000000025_88363d6214_giraffe_001.jpg,C:\Users\Karsel\Desktop\Final_tool\TransReID\data\dinov2_benchmark_sets\obj003\query\000000000025_88363d6214_giraffe_001.jpg
registers/cls,obj009,6,negative,0.014755241572856903,000000000049_137127a32f_horse_001.jpg,C:\Users\Karsel\Desktop\Final_tool\TransReID\data\dinov2_benchmark_sets\obj004\query\000000000049_137127a32f_horse_001.jpg
registers/cls,obj009,7,negative,0.010768482461571693,000000000073_0145c50ed4_motorcycle_002.jpg,C:\Users\Karsel\Desktop\Final_tool\TransReID\data\dinov2_benchmark_sets\obj007\positives\000000000073_0145c50ed4_motorcycle_002.jpg
registers/cls,obj009,8,negative,-0.005323972553014755,000000000072_46397b6948_giraffe_002.jpg,C:\Users\Karsel\Desktop\Final_tool\TransReID\data\dinov2_benchmark_sets\obj006\positives\000000000072_46397b6948_giraffe_002.jpg
registers/cls,obj009,9,negative,-0.011056628078222275,000000000072_46397b6948_giraffe_001.jpg,C:\Users\Karsel\Desktop\Final_tool\TransReID\data\dinov2_benchmark_sets\obj006\query\000000000072_46397b6948_giraffe_001.jpg
registers/cls,obj009,10,negative,-0.01584596373140812,000000000009_4547c12650_bowl_003.jpg,C:\Users\Karsel\Desktop\Final_tool\TransReID\data\dinov2_benchmark_sets\obj002\positives\000000000009_4547c12650_bowl_003.jpg
registers/cls,obj009,11,negative,-0.03960636258125305,000000000049_137127a32f_horse_002.jpg,C:\Users\Karsel\Desktop\Final_tool\TransReID\data\dinov2_benchmark_sets\obj004\positives\000000000049_137127a32f_horse_002.jpg
registers/cls,obj010,1,positive,0.7791929244995117,000000000109_75925eea5f_bench_002.jpg,C:\Users\Karsel\Desktop\Final_tool\TransReID\data\dinov2_benchmark_sets\obj010\positives\000000000109_75925eea5f_bench_002.jpg
registers/cls,obj010,2,negative,0.11916625499725342,000000000061_07e10cc871_elephant_001.jpg,C:\Users\Karsel\Desktop\Final_tool\TransReID\data\dinov2_benchmark_sets\obj005\query\000000000061_07e10cc871_elephant_001.jpg
registers/cls,obj010,3,negative,0.08499608933925629,000000000061_07e10cc871_elephant_002.jpg,C:\Users\Karsel\Desktop\Final_tool\TransReID\data\dinov2_benchmark_sets\obj005\positives\000000000061_07e10cc871_elephant_002.jpg
registers/cls,obj010,4,negative,0.07347973436117172,000000000073_0145c50ed4_motorcycle_002.jpg,C:\Users\Karsel\Desktop\Final_tool\TransReID\data\dinov2_benchmark_sets\obj007\positives\000000000073_0145c50ed4_motorcycle_002.jpg
registers/cls,obj010,5,negative,0.013077539391815662,000000000009_4547c12650_bowl_003.jpg,C:\Users\Karsel\Desktop\Final_tool\TransReID\data\dinov2_benchmark_sets\obj002\positives\000000000009_4547c12650_bowl_003.jpg
registers/cls,obj010,6,negative,0.006024172063916922,000000000049_137127a32f_horse_001.jpg,C:\Users\Karsel\Desktop\Final_tool\TransReID\data\dinov2_benchmark_sets\obj004\query\000000000049_137127a32f_horse_001.jpg
registers/cls,obj010,7,negative,-0.004437889903783798,000000000025_88363d6214_giraffe_001.jpg,C:\Users\Karsel\Desktop\Final_tool\TransReID\data\dinov2_benchmark_sets\obj003\query\000000000025_88363d6214_giraffe_001.jpg
registers/cls,obj010,8,negative,-0.01774473860859871,000000000049_137127a32f_horse_002.jpg,C:\Users\Karsel\Desktop\Final_tool\TransReID\data\dinov2_benchmark_sets\obj004\positives\000000000049_137127a32f_horse_002.jpg
registers/cls,obj010,9,negative,-0.024222906678915024,000000000072_46397b6948_giraffe_002.jpg,C:\Users\Karsel\Desktop\Final_tool\TransReID\data\dinov2_benchmark_sets\obj006\positives\000000000072_46397b6948_giraffe_002.jpg
registers/cls,obj010,10,negative,-0.025135820731520653,000000000009_4547c12650_bowl_002.jpg,C:\Users\Karsel\Desktop\Final_tool\TransReID\data\dinov2_benchmark_sets\obj002\query\000000000009_4547c12650_bowl_002.jpg
registers/cls,obj010,11,negative,-0.03075375407934189,000000000072_46397b6948_giraffe_001.jpg,C:\Users\Karsel\Desktop\Final_tool\TransReID\data\dinov2_benchmark_sets\obj006\query\000000000072_46397b6948_giraffe_001.jpg
registers/mean,obj001,1,positive,0.39086082577705383,000000000110_d9d8400e25_person_003.jpg,C:\Users\Karsel\Desktop\Final_tool\TransReID\data\dinov2_benchmark_sets\obj001\positives\000000000110_d9d8400e25_person_003.jpg
registers/mean,obj001,2,negative,0.10443413257598877,000000000061_07e10cc871_elephant_002.jpg,C:\Users\Karsel\Desktop\Final_tool\TransReID\data\dinov2_benchmark_sets\obj005\positives\000000000061_07e10cc871_elephant_002.jpg
registers/mean,obj001,3,negative,0.07421383261680603,000000000061_07e10cc871_elephant_001.jpg,C:\Users\Karsel\Desktop\Final_tool\TransReID\data\dinov2_benchmark_sets\obj005\query\000000000061_07e10cc871_elephant_001.jpg
registers/mean,obj001,4,negative,0.06876645982265472,000000000009_4547c12650_bowl_004.jpg,C:\Users\Karsel\Desktop\Final_tool\TransReID\data\dinov2_benchmark_sets\obj002\positives\000000000009_4547c12650_bowl_004.jpg
registers/mean,obj001,5,negative,0.06008148938417435,000000000072_46397b6948_giraffe_002.jpg,C:\Users\Karsel\Desktop\Final_tool\TransReID\data\dinov2_benchmark_sets\obj006\positives\000000000072_46397b6948_giraffe_002.jpg
registers/mean,obj001,6,negative,0.0550372377038002,000000000089_15825807a0_book_009.jpg,C:\Users\Karsel\Desktop\Final_tool\TransReID\data\dinov2_benchmark_sets\obj009\positives\000000000089_15825807a0_book_009.jpg
registers/mean,obj001,7,negative,0.049345627427101135,000000000009_4547c12650_bowl_003.jpg,C:\Users\Karsel\Desktop\Final_tool\TransReID\data\dinov2_benchmark_sets\obj002\positives\000000000009_4547c12650_bowl_003.jpg
registers/mean,obj001,8,negative,0.04388837516307831,000000000009_4547c12650_bowl_002.jpg,C:\Users\Karsel\Desktop\Final_tool\TransReID\data\dinov2_benchmark_sets\obj002\query\000000000009_4547c12650_bowl_002.jpg
registers/mean,obj001,9,negative,0.024056214839220047,000000000025_88363d6214_giraffe_001.jpg,C:\Users\Karsel\Desktop\Final_tool\TransReID\data\dinov2_benchmark_sets\obj003\query\000000000025_88363d6214_giraffe_001.jpg
registers/mean,obj001,10,negative,0.01457752101123333,000000000073_0145c50ed4_motorcycle_001.jpg,C:\Users\Karsel\Desktop\Final_tool\TransReID\data\dinov2_benchmark_sets\obj007\query\000000000073_0145c50ed4_motorcycle_001.jpg
registers/mean,obj001,11,negative,-0.0005997512489557266,000000000109_75925eea5f_bench_002.jpg,C:\Users\Karsel\Desktop\Final_tool\TransReID\data\dinov2_benchmark_sets\obj010\positives\000000000109_75925eea5f_bench_002.jpg
registers/mean,obj002,1,positive,0.6997591853141785,000000000009_4547c12650_bowl_004.jpg,C:\Users\Karsel\Desktop\Final_tool\TransReID\data\dinov2_benchmark_sets\obj002\positives\000000000009_4547c12650_bowl_004.jpg
registers/mean,obj002,2,positive,0.5574526786804199,000000000009_4547c12650_bowl_003.jpg,C:\Users\Karsel\Desktop\Final_tool\TransReID\data\dinov2_benchmark_sets\obj002\positives\000000000009_4547c12650_bowl_003.jpg
registers/mean,obj002,3,negative,0.07674004137516022,000000000089_15825807a0_book_008.jpg,C:\Users\Karsel\Desktop\Final_tool\TransReID\data\dinov2_benchmark_sets\obj009\query\000000000089_15825807a0_book_008.jpg
registers/mean,obj002,4,negative,0.06615915894508362,000000000089_15825807a0_book_009.jpg,C:\Users\Karsel\Desktop\Final_tool\TransReID\data\dinov2_benchmark_sets\obj009\positives\000000000089_15825807a0_book_009.jpg
registers/mean,obj002,5,negative,0.04298661649227142,000000000110_d9d8400e25_person_001.jpg,C:\Users\Karsel\Desktop\Final_tool\TransReID\data\dinov2_benchmark_sets\obj001\query\000000000110_d9d8400e25_person_001.jpg
registers/mean,obj002,6,negative,0.04136422649025917,000000000072_46397b6948_giraffe_001.jpg,C:\Users\Karsel\Desktop\Final_tool\TransReID\data\dinov2_benchmark_sets\obj006\query\000000000072_46397b6948_giraffe_001.jpg
registers/mean,obj002,7,negative,0.02055739238858223,000000000025_88363d6214_giraffe_002.jpg,C:\Users\Karsel\Desktop\Final_tool\TransReID\data\dinov2_benchmark_sets\obj003\positives\000000000025_88363d6214_giraffe_002.jpg
registers/mean,obj002,8,negative,0.017177755013108253,000000000025_88363d6214_giraffe_001.jpg,C:\Users\Karsel\Desktop\Final_tool\TransReID\data\dinov2_benchmark_sets\obj003\query\000000000025_88363d6214_giraffe_001.jpg
registers/mean,obj002,9,negative,0.011471632868051529,000000000072_46397b6948_giraffe_002.jpg,C:\Users\Karsel\Desktop\Final_tool\TransReID\data\dinov2_benchmark_sets\obj006\positives\000000000072_46397b6948_giraffe_002.jpg
registers/mean,obj002,10,negative,0.002450954169034958,000000000110_d9d8400e25_person_003.jpg,C:\Users\Karsel\Desktop\Final_tool\TransReID\data\dinov2_benchmark_sets\obj001\positives\000000000110_d9d8400e25_person_003.jpg
registers/mean,obj002,11,negative,-0.0012804493308067322,000000000077_c8263abc6a_person_002.jpg,C:\Users\Karsel\Desktop\Final_tool\TransReID\data\dinov2_benchmark_sets\obj008\positives\000000000077_c8263abc6a_person_002.jpg
registers/mean,obj002,12,negative,-0.013961568474769592,000000000077_c8263abc6a_person_001.jpg,C:\Users\Karsel\Desktop\Final_tool\TransReID\data\dinov2_benchmark_sets\obj008\query\000000000077_c8263abc6a_person_001.jpg
registers/mean,obj003,1,negative,0.7940077185630798,000000000072_46397b6948_giraffe_001.jpg,C:\Users\Karsel\Desktop\Final_tool\TransReID\data\dinov2_benchmark_sets\obj006\query\000000000072_46397b6948_giraffe_001.jpg
registers/mean,obj003,2,positive,0.7861818075180054,000000000025_88363d6214_giraffe_002.jpg,C:\Users\Karsel\Desktop\Final_tool\TransReID\data\dinov2_benchmark_sets\obj003\positives\000000000025_88363d6214_giraffe_002.jpg
registers/mean,obj003,3,negative,0.21637848019599915,000000000061_07e10cc871_elephant_001.jpg,C:\Users\Karsel\Desktop\Final_tool\TransReID\data\dinov2_benchmark_sets\obj005\query\000000000061_07e10cc871_elephant_001.jpg
registers/mean,obj003,4,negative,0.19020172953605652,000000000049_137127a32f_horse_002.jpg,C:\Users\Karsel\Desktop\Final_tool\TransReID\data\dinov2_benchmark_sets\obj004\positives\000000000049_137127a32f_horse_002.jpg
registers/mean,obj003,5,negative,0.15327972173690796,000000000077_c8263abc6a_person_001.jpg,C:\Users\Karsel\Desktop\Final_tool\TransReID\data\dinov2_benchmark_sets\obj008\query\000000000077_c8263abc6a_person_001.jpg
registers/mean,obj003,6,negative,0.02517150714993477,000000000089_15825807a0_book_008.jpg,C:\Users\Karsel\Desktop\Final_tool\TransReID\data\dinov2_benchmark_sets\obj009\query\000000000089_15825807a0_book_008.jpg
registers/mean,obj003,7,negative,0.024056214839220047,000000000110_d9d8400e25_person_001.jpg,C:\Users\Karsel\Desktop\Final_tool\TransReID\data\dinov2_benchmark_sets\obj001\query\000000000110_d9d8400e25_person_001.jpg
registers/mean,obj003,8,negative,0.01651381328701973,000000000009_4547c12650_bowl_002.jpg,C:\Users\Karsel\Desktop\Final_tool\TransReID\data\dinov2_benchmark_sets\obj002\query\000000000009_4547c12650_bowl_002.jpg
registers/mean,obj003,9,negative,-0.009951266460120678,000000000109_75925eea5f_bench_001.jpg,C:\Users\Karsel\Desktop\Final_tool\TransReID\data\dinov2_benchmark_sets\obj010\query\000000000109_75925eea5f_bench_001.jpg
registers/mean,obj003,10,negative,-0.013085620477795601,000000000009_4547c12650_bowl_004.jpg,C:\Users\Karsel\Desktop\Final_tool\TransReID\data\dinov2_benchmark_sets\obj002\positives\000000000009_4547c12650_bowl_004.jpg
registers/mean,obj003,11,negative,-0.014118609018623829,000000000109_75925eea5f_bench_002.jpg,C:\Users\Karsel\Desktop\Final_tool\TransReID\data\dinov2_benchmark_sets\obj010\positives\000000000109_75925eea5f_bench_002.jpg
registers/mean,obj004,1,positive,0.8953068852424622,000000000049_137127a32f_horse_002.jpg,C:\Users\Karsel\Desktop\Final_tool\TransReID\data\dinov2_benchmark_sets\obj004\positives\000000000049_137127a32f_horse_002.jpg
registers/mean,obj004,2,negative,0.4122130274772644,000000000061_07e10cc871_elephant_002.jpg,C:\Users\Karsel\Desktop\Final_tool\TransReID\data\dinov2_benchmark_sets\obj005\positives\000000000061_07e10cc871_elephant_002.jpg
registers/mean,obj004,3,negative,0.24283640086650848,000000000025_88363d6214_giraffe_001.jpg,C:\Users\Karsel\Desktop\Final_tool\TransReID\data\dinov2_benchmark_sets\obj003\query\000000000025_88363d6214_giraffe_001.jpg
registers/mean,obj004,4,negative,0.23151136934757233,000000000072_46397b6948_giraffe_002.jpg,C:\Users\Karsel\Desktop\Final_tool\TransReID\data\dinov2_benchmark_sets\obj006\positives\000000000072_46397b6948_giraffe_002.jpg
registers/mean,obj004,5,negative,0.1984425187110901,000000000077_c8263abc6a_person_002.jpg,C:\Users\Karsel\Desktop\Final_tool\TransReID\data\dinov2_benchmark_sets\obj008\positives\000000000077_c8263abc6a_person_002.jpg
registers/mean,obj004,6,negative,0.1957247108221054,000000000025_88363d6214_giraffe_002.jpg,C:\Users\Karsel\Desktop\Final_tool\TransReID\data\dinov2_benchmark_sets\obj003\positives\000000000025_88363d6214_giraffe_002.jpg
registers/mean,obj004,7,negative,0.14216731488704681,000000000073_0145c50ed4_motorcycle_002.jpg,C:\Users\Karsel\Desktop\Final_tool\TransReID\data\dinov2_benchmark_sets\obj007\positives\000000000073_0145c50ed4_motorcycle_002.jpg
registers/mean,obj004,8,negative,0.11642056703567505,000000000073_0145c50ed4_motorcycle_001.jpg,C:\Users\Karsel\Desktop\Final_tool\TransReID\data\dinov2_benchmark_sets\obj007\query\000000000073_0145c50ed4_motorcycle_001.jpg
registers/mean,obj004,9,negative,0.09546114504337311,000000000110_d9d8400e25_person_003.jpg,C:\Users\Karsel\Desktop\Final_tool\TransReID\data\dinov2_benchmark_sets\obj001\positives\000000000110_d9d8400e25_person_003.jpg
registers/mean,obj004,10,negative,0.05298613756895065,000000000089_15825807a0_book_008.jpg,C:\Users\Karsel\Desktop\Final_tool\TransReID\data\dinov2_benchmark_sets\obj009\query\000000000089_15825807a0_book_008.jpg
registers/mean,obj004,11,negative,0.013101181015372276,000000000009_4547c12650_bowl_004.jpg,C:\Users\Karsel\Desktop\Final_tool\TransReID\data\dinov2_benchmark_sets\obj002\positives\000000000009_4547c12650_bowl_004.jpg
registers/mean,obj005,1,positive,0.6410219669342041,000000000061_07e10cc871_elephant_002.jpg,C:\Users\Karsel\Desktop\Final_tool\TransReID\data\dinov2_benchmark_sets\obj005\positives\000000000061_07e10cc871_elephant_002.jpg
registers/mean,obj005,2,negative,0.37334805727005005,000000000049_137127a32f_horse_001.jpg,C:\Users\Karsel\Desktop\Final_tool\TransReID\data\dinov2_benchmark_sets\obj004\query\000000000049_137127a32f_horse_001.jpg
registers/mean,obj005,3,negative,0.33089861273765564,000000000049_137127a32f_horse_002.jpg,C:\Users\Karsel\Desktop\Final_tool\TransReID\data\dinov2_benchmark_sets\obj004\positives\000000000049_137127a32f_horse_002.jpg
registers/mean,obj005,4,negative,0.26180127263069153,000000000025_88363d6214_giraffe_002.jpg,C:\Users\Karsel\Desktop\Final_tool\TransReID\data\dinov2_benchmark_sets\obj003\positives\000000000025_88363d6214_giraffe_002.jpg
registers/mean,obj005,5,negative,0.24261698126792908,000000000089_15825807a0_book_008.jpg,C:\Users\Karsel\Desktop\Final_tool\TransReID\data\dinov2_benchmark_sets\obj009\query\000000000089_15825807a0_book_008.jpg
registers/mean,obj005,6,negative,0.17808178067207336,000000000109_75925eea5f_bench_001.jpg,C:\Users\Karsel\Desktop\Final_tool\TransReID\data\dinov2_benchmark_sets\obj010\query\000000000109_75925eea5f_bench_001.jpg
registers/mean,obj005,7,negative,0.17259901762008667,000000000077_c8263abc6a_person_002.jpg,C:\Users\Karsel\Desktop\Final_tool\TransReID\data\dinov2_benchmark_sets\obj008\positives\000000000077_c8263abc6a_person_002.jpg
registers/mean,obj005,8,negative,0.16431038081645966,000000000110_d9d8400e25_person_003.jpg,C:\Users\Karsel\Desktop\Final_tool\TransReID\data\dinov2_benchmark_sets\obj001\positives\000000000110_d9d8400e25_person_003.jpg
registers/mean,obj005,9,negative,0.1243429109454155,000000000089_15825807a0_book_009.jpg,C:\Users\Karsel\Desktop\Final_tool\TransReID\data\dinov2_benchmark_sets\obj009\positives\000000000089_15825807a0_book_009.jpg
registers/mean,obj005,10,negative,0.12000929564237595,000000000073_0145c50ed4_motorcycle_001.jpg,C:\Users\Karsel\Desktop\Final_tool\TransReID\data\dinov2_benchmark_sets\obj007\query\000000000073_0145c50ed4_motorcycle_001.jpg
registers/mean,obj005,11,negative,0.11028394103050232,000000000109_75925eea5f_bench_002.jpg,C:\Users\Karsel\Desktop\Final_tool\TransReID\data\dinov2_benchmark_sets\obj010\positives\000000000109_75925eea5f_bench_002.jpg
registers/mean,obj006,1,positive,0.8542098999023438,000000000072_46397b6948_giraffe_002.jpg,C:\Users\Karsel\Desktop\Final_tool\TransReID\data\dinov2_benchmark_sets\obj006\positives\000000000072_46397b6948_giraffe_002.jpg
registers/mean,obj006,2,negative,0.6819619536399841,000000000025_88363d6214_giraffe_002.jpg,C:\Users\Karsel\Desktop\Final_tool\TransReID\data\dinov2_benchmark_sets\obj003\positives\000000000025_88363d6214_giraffe_002.jpg
registers/mean,obj006,3,negative,0.21528096497058868,000000000061_07e10cc871_elephant_002.jpg,C:\Users\Karsel\Desktop\Final_tool\TransReID\data\dinov2_benchmark_sets\obj005\positives\000000000061_07e10cc871_elephant_002.jpg
registers/mean,obj006,4,negative,0.2074783891439438,000000000061_07e10cc871_elephant_001.jpg,C:\Users\Karsel\Desktop\Final_tool\TransReID\data\dinov2_benchmark_sets\obj005\query\000000000061_07e10cc871_elephant_001.jpg
registers/mean,obj006,5,negative,0.10167401283979416,000000000110_d9d8400e25_person_003.jpg,C:\Users\Karsel\Desktop\Final_tool\TransReID\data\dinov2_benchmark_sets\obj001\positives\000000000110_d9d8400e25_person_003.jpg
registers/mean,obj006,6,negative,0.058915868401527405,000000000110_d9d8400e25_person_001.jpg,C:\Users\Karsel\Desktop\Final_tool\TransReID\data\dinov2_benchmark_sets\obj001\query\000000000110_d9d8400e25_person_001.jpg
registers/mean,obj006,7,negative,0.056425079703330994,000000000073_0145c50ed4_motorcycle_001.jpg,C:\Users\Karsel\Desktop\Final_tool\TransReID\data\dinov2_benchmark_sets\obj007\query\000000000073_0145c50ed4_motorcycle_001.jpg
registers/mean,obj006,8,negative,0.010873127728700638,000000000009_4547c12650_bowl_003.jpg,C:\Users\Karsel\Desktop\Final_tool\TransReID\data\dinov2_benchmark_sets\obj002\positives\000000000009_4547c12650_bowl_003.jpg
registers/mean,obj006,9,negative,0.007329855114221573,000000000089_15825807a0_book_009.jpg,C:\Users\Karsel\Desktop\Final_tool\TransReID\data\dinov2_benchmark_sets\obj009\positives\000000000089_15825807a0_book_009.jpg
registers/mean,obj006,10,negative,0.005133902654051781,000000000009_4547c12650_bowl_004.jpg,C:\Users\Karsel\Desktop\Final_tool\TransReID\data\dinov2_benchmark_sets\obj002\positives\000000000009_4547c12650_bowl_004.jpg
registers/mean,obj006,11,negative,-0.011139137670397758,000000000109_75925eea5f_bench_001.jpg,C:\Users\Karsel\Desktop\Final_tool\TransReID\data\dinov2_benchmark_sets\obj010\query\000000000109_75925eea5f_bench_001.jpg
registers/mean,obj007,1,positive,0.7394708395004272,000000000073_0145c50ed4_motorcycle_002.jpg,C:\Users\Karsel\Desktop\Final_tool\TransReID\data\dinov2_benchmark_sets\obj007\positives\000000000073_0145c50ed4_motorcycle_002.jpg
registers/mean,obj007,2,negative,0.11642056703567505,000000000049_137127a32f_horse_001.jpg,C:\Users\Karsel\Desktop\Final_tool\TransReID\data\dinov2_benchmark_sets\obj004\query\000000000049_137127a32f_horse_001.jpg
registers/mean,obj007,3,negative,0.10175486654043198,000000000061_07e10cc871_elephant_002.jpg,C:\Users\Karsel\Desktop\Final_tool\TransReID\data\dinov2_benchmark_sets\obj005\positives\000000000061_07e10cc871_elephant_002.jpg
registers/mean,obj007,4,negative,0.07029448449611664,000000000025_88363d6214_giraffe_001.jpg,C:\Users\Karsel\Desktop\Final_tool\TransReID\data\dinov2_benchmark_sets\obj003\query\000000000025_88363d6214_giraffe_001.jpg
registers/mean,obj007,5,negative,0.05642508342862129,000000000072_46397b6948_giraffe_001.jpg,C:\Users\Karsel\Desktop\Final_tool\TransReID\data\dinov2_benchmark_sets\obj006\query\000000000072_46397b6948_giraffe_001.jpg
registers/mean,obj007,6,negative,0.051019832491874695,000000000072_46397b6948_giraffe_002.jpg,C:\Users\Karsel\Desktop\Final_tool\TransReID\data\dinov2_benchmark_sets\obj006\positives\000000000072_46397b6948_giraffe_002.jpg
registers/mean,obj007,7,negative,0.041374921798706055,000000000009_4547c12650_bowl_004.jpg,C:\Users\Karsel\Desktop\Final_tool\TransReID\data\dinov2_benchmark_sets\obj002\positives\000000000009_4547c12650_bowl_004.jpg
registers/mean,obj007,8,negative,0.03276475891470909,000000000109_75925eea5f_bench_001.jpg,C:\Users\Karsel\Desktop\Final_tool\TransReID\data\dinov2_benchmark_sets\obj010\query\000000000109_75925eea5f_bench_001.jpg
registers/mean,obj007,9,negative,0.028370298445224762,000000000109_75925eea5f_bench_002.jpg,C:\Users\Karsel\Desktop\Final_tool\TransReID\data\dinov2_benchmark_sets\obj010\positives\000000000109_75925eea5f_bench_002.jpg
registers/mean,obj007,10,negative,0.017239276319742203,000000000009_4547c12650_bowl_002.jpg,C:\Users\Karsel\Desktop\Final_tool\TransReID\data\dinov2_benchmark_sets\obj002\query\000000000009_4547c12650_bowl_002.jpg
registers/mean,obj007,11,negative,0.009275123476982117,000000000009_4547c12650_bowl_003.jpg,C:\Users\Karsel\Desktop\Final_tool\TransReID\data\dinov2_benchmark_sets\obj002\positives\000000000009_4547c12650_bowl_003.jpg
registers/mean,obj008,1,positive,0.583066463470459,000000000077_c8263abc6a_person_002.jpg,C:\Users\Karsel\Desktop\Final_tool\TransReID\data\dinov2_benchmark_sets\obj008\positives\000000000077_c8263abc6a_person_002.jpg
registers/mean,obj008,2,negative,0.20524121820926666,000000000049_137127a32f_horse_002.jpg,C:\Users\Karsel\Desktop\Final_tool\TransReID\data\dinov2_benchmark_sets\obj004\positives\000000000049_137127a32f_horse_002.jpg
registers/mean,obj008,3,negative,0.15019682049751282,000000000061_07e10cc871_elephant_002.jpg,C:\Users\Karsel\Desktop\Final_tool\TransReID\data\dinov2_benchmark_sets\obj005\positives\000000000061_07e10cc871_elephant_002.jpg
registers/mean,obj008,4,negative,0.14598792791366577,000000000061_07e10cc871_elephant_001.jpg,C:\Users\Karsel\Desktop\Final_tool\TransReID\data\dinov2_benchmark_sets\obj005\query\000000000061_07e10cc871_elephant_001.jpg
registers/mean,obj008,5,negative,0.13662852346897125,000000000025_88363d6214_giraffe_002.jpg,C:\Users\Karsel\Desktop\Final_tool\TransReID\data\dinov2_benchmark_sets\obj003\positives\000000000025_88363d6214_giraffe_002.jpg
registers/mean,obj008,6,negative,0.11957801878452301,000000000072_46397b6948_giraffe_002.jpg,C:\Users\Karsel\Desktop\Final_tool\TransReID\data\dinov2_benchmark_sets\obj006\positives\000000000072_46397b6948_giraffe_002.jpg
registers/mean,obj008,7,negative,0.09079395234584808,000000000072_46397b6948_giraffe_001.jpg,C:\Users\Karsel\Desktop\Final_tool\TransReID\data\dinov2_benchmark_sets\obj006\query\000000000072_46397b6948_giraffe_001.jpg
registers/mean,obj008,8,negative,0.05692160874605179,000000000089_15825807a0_book_008.jpg,C:\Users\Karsel\Desktop\Final_tool\TransReID\data\dinov2_benchmark_sets\obj009\query\000000000089_15825807a0_book_008.jpg
registers/mean,obj008,9,negative,0.04091247543692589,000000000089_15825807a0_book_009.jpg,C:\Users\Karsel\Desktop\Final_tool\TransReID\data\dinov2_benchmark_sets\obj009\positives\000000000089_15825807a0_book_009.jpg
registers/mean,obj008,10,negative,-0.014068514108657837,000000000009_4547c12650_bowl_002.jpg,C:\Users\Karsel\Desktop\Final_tool\TransReID\data\dinov2_benchmark_sets\obj002\query\000000000009_4547c12650_bowl_002.jpg
registers/mean,obj008,11,negative,-0.05294998362660408,000000000009_4547c12650_bowl_003.jpg,C:\Users\Karsel\Desktop\Final_tool\TransReID\data\dinov2_benchmark_sets\obj002\positives\000000000009_4547c12650_bowl_003.jpg
registers/mean,obj009,1,negative,0.46551841497421265,000000000109_75925eea5f_bench_001.jpg,C:\Users\Karsel\Desktop\Final_tool\TransReID\data\dinov2_benchmark_sets\obj010\query\000000000109_75925eea5f_bench_001.jpg
registers/mean,obj009,2,positive,0.2747567296028137,000000000089_15825807a0_book_009.jpg,C:\Users\Karsel\Desktop\Final_tool\TransReID\data\dinov2_benchmark_sets\obj009\positives\000000000089_15825807a0_book_009.jpg
registers/mean,obj009,3,negative,0.14504674077033997,000000000061_07e10cc871_elephant_002.jpg,C:\Users\Karsel\Desktop\Final_tool\TransReID\data\dinov2_benchmark_sets\obj005\positives\000000000061_07e10cc871_elephant_002.jpg
registers/mean,obj009,4,negative,0.06907065212726593,000000000009_4547c12650_bowl_003.jpg,C:\Users\Karsel\Desktop\Final_tool\TransReID\data\dinov2_benchmark_sets\obj002\positives\000000000009_4547c12650_bowl_003.jpg
registers/mean,obj009,5,negative,0.05298613756895065,000000000049_137127a32f_horse_001.jpg,C:\Users\Karsel\Desktop\Final_tool\TransReID\data\dinov2_benchmark_sets\obj004\query\000000000049_137127a32f_horse_001.jpg
registers/mean,obj009,6,negative,0.02517150714993477,000000000025_88363d6214_giraffe_001.jpg,C:\Users\Karsel\Desktop\Final_tool\TransReID\data\dinov2_benchmark_sets\obj003\query\000000000025_88363d6214_giraffe_001.jpg
registers/mean,obj009,7,negative,0.017896857112646103,000000000049_137127a32f_horse_002.jpg,C:\Users\Karsel\Desktop\Final_tool\TransReID\data\dinov2_benchmark_sets\obj004\positives\000000000049_137127a32f_horse_002.jpg
registers/mean,obj009,8,negative,0.013123116455972195,000000000073_0145c50ed4_motorcycle_002.jpg,C:\Users\Karsel\Desktop\Final_tool\TransReID\data\dinov2_benchmark_sets\obj007\positives\000000000073_0145c50ed4_motorcycle_002.jpg
registers/mean,obj009,9,negative,0.011979907751083374,000000000072_46397b6948_giraffe_001.jpg,C:\Users\Karsel\Desktop\Final_tool\TransReID\data\dinov2_benchmark_sets\obj006\query\000000000072_46397b6948_giraffe_001.jpg
registers/mean,obj009,10,negative,0.006151566747575998,000000000110_d9d8400e25_person_001.jpg,C:\Users\Karsel\Desktop\Final_tool\TransReID\data\dinov2_benchmark_sets\obj001\query\000000000110_d9d8400e25_person_001.jpg
registers/mean,obj009,11,negative,-0.000890031922608614,000000000072_46397b6948_giraffe_002.jpg,C:\Users\Karsel\Desktop\Final_tool\TransReID\data\dinov2_benchmark_sets\obj006\positives\000000000072_46397b6948_giraffe_002.jpg
registers/mean,obj010,1,positive,0.8039458990097046,000000000109_75925eea5f_bench_002.jpg,C:\Users\Karsel\Desktop\Final_tool\TransReID\data\dinov2_benchmark_sets\obj010\positives\000000000109_75925eea5f_bench_002.jpg
registers/mean,obj010,2,negative,0.17808178067207336,000000000061_07e10cc871_elephant_001.jpg,C:\Users\Karsel\Desktop\Final_tool\TransReID\data\dinov2_benchmark_sets\obj005\query\000000000061_07e10cc871_elephant_001.jpg
registers/mean,obj010,3,negative,0.12684834003448486,000000000061_07e10cc871_elephant_002.jpg,C:\Users\Karsel\Desktop\Final_tool\TransReID\data\dinov2_benchmark_sets\obj005\positives\000000000061_07e10cc871_elephant_002.jpg
registers/mean,obj010,4,negative,0.06421930342912674,000000000009_4547c12650_bowl_002.jpg,C:\Users\Karsel\Desktop\Final_tool\TransReID\data\dinov2_benchmark_sets\obj002\query\000000000009_4547c12650_bowl_002.jpg
registers/mean,obj010,5,negative,0.03667886555194855,000000000009_4547c12650_bowl_003.jpg,C:\Users\Karsel\Desktop\Final_tool\TransReID\data\dinov2_benchmark_sets\obj002\positives\000000000009_4547c12650_bowl_003.jpg
registers/mean,obj010,6,negative,0.026899531483650208,000000000049_137127a32f_horse_001.jpg,C:\Users\Karsel\Desktop\Final_tool\TransReID\data\dinov2_benchmark_sets\obj004\query\000000000049_137127a32f_horse_001.jpg
registers/mean,obj010,7,negative,0.02189737744629383,000000000073_0145c50ed4_motorcycle_002.jpg,C:\Users\Karsel\Desktop\Final_tool\TransReID\data\dinov2_benchmark_sets\obj007\positives\000000000073_0145c50ed4_motorcycle_002.jpg
registers/mean,obj010,8,negative,-0.005395845510065556,000000000072_46397b6948_giraffe_002.jpg,C:\Users\Karsel\Desktop\Final_tool\TransReID\data\dinov2_benchmark_sets\obj006\positives\000000000072_46397b6948_giraffe_002.jpg
registers/mean,obj010,9,negative,-0.008740119636058807,000000000049_137127a32f_horse_002.jpg,C:\Users\Karsel\Desktop\Final_tool\TransReID\data\dinov2_benchmark_sets\obj004\positives\000000000049_137127a32f_horse_002.jpg
registers/mean,obj010,10,negative,-0.009951237589120865,000000000025_88363d6214_giraffe_001.jpg,C:\Users\Karsel\Desktop\Final_tool\TransReID\data\dinov2_benchmark_sets\obj003\query\000000000025_88363d6214_giraffe_001.jpg
registers/mean,obj010,11,negative,-0.011139137670397758,000000000072_46397b6948_giraffe_001.jpg,C:\Users\Karsel\Desktop\Final_tool\TransReID\data\dinov2_benchmark_sets\obj006\query\000000000072_46397b6948_giraffe_001.jpg
registers/cls+mean,obj001,1,positive,0.26294395327568054,000000000110_d9d8400e25_person_003.jpg,C:\Users\Karsel\Desktop\Final_tool\TransReID\data\dinov2_benchmark_sets\obj001\positives\000000000110_d9d8400e25_person_003.jpg
registers/cls+mean,obj001,2,negative,0.06098606809973717,000000000072_46397b6948_giraffe_002.jpg,C:\Users\Karsel\Desktop\Final_tool\TransReID\data\dinov2_benchmark_sets\obj006\positives\000000000072_46397b6948_giraffe_002.jpg
registers/cls+mean,obj001,3,negative,0.048505865037441254,000000000061_07e10cc871_elephant_002.jpg,C:\Users\Karsel\Desktop\Final_tool\TransReID\data\dinov2_benchmark_sets\obj005\positives\000000000061_07e10cc871_elephant_002.jpg
registers/cls+mean,obj001,4,negative,0.04710494726896286,000000000009_4547c12650_bowl_004.jpg,C:\Users\Karsel\Desktop\Final_tool\TransReID\data\dinov2_benchmark_sets\obj002\positives\000000000009_4547c12650_bowl_004.jpg
registers/cls+mean,obj001,5,negative,0.041618574410676956,000000000089_15825807a0_book_009.jpg,C:\Users\Karsel\Desktop\Final_tool\TransReID\data\dinov2_benchmark_sets\obj009\positives\000000000089_15825807a0_book_009.jpg
registers/cls+mean,obj001,6,negative,0.03422987088561058,000000000009_4547c12650_bowl_002.jpg,C:\Users\Karsel\Desktop\Final_tool\TransReID\data\dinov2_benchmark_sets\obj002\query\000000000009_4547c12650_bowl_002.jpg
registers/cls+mean,obj001,7,negative,0.030951427295804024,000000000073_0145c50ed4_motorcycle_001.jpg,C:\Users\Karsel\Desktop\Final_tool\TransReID\data\dinov2_benchmark_sets\obj007\query\000000000073_0145c50ed4_motorcycle_001.jpg
registers/cls+mean,obj001,8,negative,0.03035217896103859,000000000025_88363d6214_giraffe_001.jpg,C:\Users\Karsel\Desktop\Final_tool\TransReID\data\dinov2_benchmark_sets\obj003\query\000000000025_88363d6214_giraffe_001.jpg
registers/cls+mean,obj001,9,negative,0.02789216861128807,000000000009_4547c12650_bowl_003.jpg,C:\Users\Karsel\Desktop\Final_tool\TransReID\data\dinov2_benchmark_sets\obj002\positives\000000000009_4547c12650_bowl_003.jpg
registers/cls+mean,obj001,10,negative,0.008338767103850842,000000000061_07e10cc871_elephant_001.jpg,C:\Users\Karsel\Desktop\Final_tool\TransReID\data\dinov2_benchmark_sets\obj005\query\000000000061_07e10cc871_elephant_001.jpg
registers/cls+mean,obj001,11,negative,-0.01205417886376381,000000000109_75925eea5f_bench_002.jpg,C:\Users\Karsel\Desktop\Final_tool\TransReID\data\dinov2_benchmark_sets\obj010\positives\000000000109_75925eea5f_bench_002.jpg
registers/cls+mean,obj002,1,positive,0.7580849528312683,000000000009_4547c12650_bowl_004.jpg,C:\Users\Karsel\Desktop\Final_tool\TransReID\data\dinov2_benchmark_sets\obj002\positives\000000000009_4547c12650_bowl_004.jpg
registers/cls+mean,obj002,2,positive,0.650405764579773,000000000009_4547c12650_bowl_003.jpg,C:\Users\Karsel\Desktop\Final_tool\TransReID\data\dinov2_benchmark_sets\obj002\positives\000000000009_4547c12650_bowl_003.jpg
registers/cls+mean,obj002,3,negative,0.04679020494222641,000000000072_46397b6948_giraffe_001.jpg,C:\Users\Karsel\Desktop\Final_tool\TransReID\data\dinov2_benchmark_sets\obj006\query\000000000072_46397b6948_giraffe_001.jpg
registers/cls+mean,obj002,4,negative,0.0430663526058197,000000000025_88363d6214_giraffe_002.jpg,C:\Users\Karsel\Desktop\Final_tool\TransReID\data\dinov2_benchmark_sets\obj003\positives\000000000025_88363d6214_giraffe_002.jpg
registers/cls+mean,obj002,5,negative,0.033784206956624985,000000000089_15825807a0_book_008.jpg,C:\Users\Karsel\Desktop\Final_tool\TransReID\data\dinov2_benchmark_sets\obj009\query\000000000089_15825807a0_book_008.jpg
registers/cls+mean,obj002,6,negative,0.03374713659286499,000000000072_46397b6948_giraffe_002.jpg,C:\Users\Karsel\Desktop\Final_tool\TransReID\data\dinov2_benchmark_sets\obj006\positives\000000000072_46397b6948_giraffe_002.jpg
registers/cls+mean,obj002,7,negative,0.033139169216156006,000000000089_15825807a0_book_009.jpg,C:\Users\Karsel\Desktop\Final_tool\TransReID\data\dinov2_benchmark_sets\obj009\positives\000000000089_15825807a0_book_009.jpg
registers/cls+mean,obj002,8,negative,0.03276406601071358,000000000110_d9d8400e25_person_001.jpg,C:\Users\Karsel\Desktop\Final_tool\TransReID\data\dinov2_benchmark_sets\obj001\query\000000000110_d9d8400e25_person_001.jpg
registers/cls+mean,obj002,9,negative,0.023585205897688866,000000000025_88363d6214_giraffe_001.jpg,C:\Users\Karsel\Desktop\Final_tool\TransReID\data\dinov2_benchmark_sets\obj003\query\000000000025_88363d6214_giraffe_001.jpg
registers/cls+mean,obj002,10,negative,0.008879806846380234,000000000077_c8263abc6a_person_002.jpg,C:\Users\Karsel\Desktop\Final_tool\TransReID\data\dinov2_benchmark_sets\obj008\positives\000000000077_c8263abc6a_person_002.jpg
registers/cls+mean,obj002,11,negative,-0.0053077638149261475,000000000110_d9d8400e25_person_003.jpg,C:\Users\Karsel\Desktop\Final_tool\TransReID\data\dinov2_benchmark_sets\obj001\positives\000000000110_d9d8400e25_person_003.jpg
registers/cls+mean,obj002,12,negative,-0.01027698814868927,000000000077_c8263abc6a_person_001.jpg,C:\Users\Karsel\Desktop\Final_tool\TransReID\data\dinov2_benchmark_sets\obj008\query\000000000077_c8263abc6a_person_001.jpg
registers/cls+mean,obj003,1,negative,0.8226273059844971,000000000072_46397b6948_giraffe_001.jpg,C:\Users\Karsel\Desktop\Final_tool\TransReID\data\dinov2_benchmark_sets\obj006\query\000000000072_46397b6948_giraffe_001.jpg
registers/cls+mean,obj003,2,positive,0.8212777972221375,000000000025_88363d6214_giraffe_002.jpg,C:\Users\Karsel\Desktop\Final_tool\TransReID\data\dinov2_benchmark_sets\obj003\positives\000000000025_88363d6214_giraffe_002.jpg
registers/cls+mean,obj003,3,negative,0.12727248668670654,000000000061_07e10cc871_elephant_001.jpg,C:\Users\Karsel\Desktop\Final_tool\TransReID\data\dinov2_benchmark_sets\obj005\query\000000000061_07e10cc871_elephant_001.jpg
registers/cls+mean,obj003,4,negative,0.12109629064798355,000000000049_137127a32f_horse_002.jpg,C:\Users\Karsel\Desktop\Final_tool\TransReID\data\dinov2_benchmark_sets\obj004\positives\000000000049_137127a32f_horse_002.jpg
registers/cls+mean,obj003,5,negative,0.10460999608039856,000000000077_c8263abc6a_person_001.jpg,C:\Users\Karsel\Desktop\Final_tool\TransReID\data\dinov2_benchmark_sets\obj008\query\000000000077_c8263abc6a_person_001.jpg
registers/cls+mean,obj003,6,negative,0.030352160334587097,000000000110_d9d8400e25_person_001.jpg,C:\Users\Karsel\Desktop\Final_tool\TransReID\data\dinov2_benchmark_sets\obj001\query\000000000110_d9d8400e25_person_001.jpg
registers/cls+mean,obj003,7,negative,0.023288320749998093,000000000009_4547c12650_bowl_002.jpg,C:\Users\Karsel\Desktop\Final_tool\TransReID\data\dinov2_benchmark_sets\obj002\query\000000000009_4547c12650_bowl_002.jpg
registers/cls+mean,obj003,8,negative,0.020936284214258194,000000000089_15825807a0_book_008.jpg,C:\Users\Karsel\Desktop\Final_tool\TransReID\data\dinov2_benchmark_sets\obj009\query\000000000089_15825807a0_book_008.jpg
registers/cls+mean,obj003,9,negative,-0.0032619962003082037,000000000009_4547c12650_bowl_004.jpg,C:\Users\Karsel\Desktop\Final_tool\TransReID\data\dinov2_benchmark_sets\obj002\positives\000000000009_4547c12650_bowl_004.jpg
registers/cls+mean,obj003,10,negative,-0.007194576784968376,000000000109_75925eea5f_bench_001.jpg,C:\Users\Karsel\Desktop\Final_tool\TransReID\data\dinov2_benchmark_sets\obj010\query\000000000109_75925eea5f_bench_001.jpg
registers/cls+mean,obj003,11,negative,-0.016706950962543488,000000000109_75925eea5f_bench_002.jpg,C:\Users\Karsel\Desktop\Final_tool\TransReID\data\dinov2_benchmark_sets\obj010\positives\000000000109_75925eea5f_bench_002.jpg
registers/cls+mean,obj004,1,positive,0.8490064144134521,000000000049_137127a32f_horse_002.jpg,C:\Users\Karsel\Desktop\Final_tool\TransReID\data\dinov2_benchmark_sets\obj004\positives\000000000049_137127a32f_horse_002.jpg
registers/cls+mean,obj004,2,negative,0.3173263669013977,000000000061_07e10cc871_elephant_002.jpg,C:\Users\Karsel\Desktop\Final_tool\TransReID\data\dinov2_benchmark_sets\obj005\positives\000000000061_07e10cc871_elephant_002.jpg
registers/cls+mean,obj004,3,negative,0.15099161863327026,000000000077_c8263abc6a_person_002.jpg,C:\Users\Karsel\Desktop\Final_tool\TransReID\data\dinov2_benchmark_sets\obj008\positives\000000000077_c8263abc6a_person_002.jpg
registers/cls+mean,obj004,4,negative,0.14319506287574768,000000000025_88363d6214_giraffe_001.jpg,C:\Users\Karsel\Desktop\Final_tool\TransReID\data\dinov2_benchmark_sets\obj003\query\000000000025_88363d6214_giraffe_001.jpg
registers/cls+mean,obj004,5,negative,0.14039987325668335,000000000072_46397b6948_giraffe_002.jpg,C:\Users\Karsel\Desktop\Final_tool\TransReID\data\dinov2_benchmark_sets\obj006\positives\000000000072_46397b6948_giraffe_002.jpg
registers/cls+mean,obj004,6,negative,0.1127876490354538,000000000025_88363d6214_giraffe_002.jpg,C:\Users\Karsel\Desktop\Final_tool\TransReID\data\dinov2_benchmark_sets\obj003\positives\000000000025_88363d6214_giraffe_002.jpg
registers/cls+mean,obj004,7,negative,0.10780107229948044,000000000073_0145c50ed4_motorcycle_002.jpg,C:\Users\Karsel\Desktop\Final_tool\TransReID\data\dinov2_benchmark_sets\obj007\positives\000000000073_0145c50ed4_motorcycle_002.jpg
registers/cls+mean,obj004,8,negative,0.05190688371658325,000000000073_0145c50ed4_motorcycle_001.jpg,C:\Users\Karsel\Desktop\Final_tool\TransReID\data\dinov2_benchmark_sets\obj007\query\000000000073_0145c50ed4_motorcycle_001.jpg
registers/cls+mean,obj004,9,negative,0.03387069329619408,000000000089_15825807a0_book_008.jpg,C:\Users\Karsel\Desktop\Final_tool\TransReID\data\dinov2_benchmark_sets\obj009\query\000000000089_15825807a0_book_008.jpg
registers/cls+mean,obj004,10,negative,0.02365180477499962,000000000110_d9d8400e25_person_003.jpg,C:\Users\Karsel\Desktop\Final_tool\TransReID\data\dinov2_benchmark_sets\obj001\positives\000000000110_d9d8400e25_person_003.jpg
registers/cls+mean,obj004,11,negative,0.010229183360934258,000000000009_4547c12650_bowl_004.jpg,C:\Users\Karsel\Desktop\Final_tool\TransReID\data\dinov2_benchmark_sets\obj002\positives\000000000009_4547c12650_bowl_004.jpg
registers/cls+mean,obj005,1,positive,0.6048492789268494,000000000061_07e10cc871_elephant_002.jpg,C:\Users\Karsel\Desktop\Final_tool\TransReID\data\dinov2_benchmark_sets\obj005\positives\000000000061_07e10cc871_elephant_002.jpg
registers/cls+mean,obj005,2,negative,0.3044605255126953,000000000049_137127a32f_horse_001.jpg,C:\Users\Karsel\Desktop\Final_tool\TransReID\data\dinov2_benchmark_sets\obj004\query\000000000049_137127a32f_horse_001.jpg
registers/cls+mean,obj005,3,negative,0.265402227640152,000000000049_137127a32f_horse_002.jpg,C:\Users\Karsel\Desktop\Final_tool\TransReID\data\dinov2_benchmark_sets\obj004\positives\000000000049_137127a32f_horse_002.jpg
registers/cls+mean,obj005,4,negative,0.18710751831531525,000000000089_15825807a0_book_008.jpg,C:\Users\Karsel\Desktop\Final_tool\TransReID\data\dinov2_benchmark_sets\obj009\query\000000000089_15825807a0_book_008.jpg
registers/cls+mean,obj005,5,negative,0.16551905870437622,000000000025_88363d6214_giraffe_002.jpg,C:\Users\Karsel\Desktop\Final_tool\TransReID\data\dinov2_benchmark_sets\obj003\positives\000000000025_88363d6214_giraffe_002.jpg
registers/cls+mean,obj005,6,negative,0.1486240029335022,000000000109_75925eea5f_bench_001.jpg,C:\Users\Karsel\Desktop\Final_tool\TransReID\data\dinov2_benchmark_sets\obj010\query\000000000109_75925eea5f_bench_001.jpg
registers/cls+mean,obj005,7,negative,0.13800962269306183,000000000110_d9d8400e25_person_003.jpg,C:\Users\Karsel\Desktop\Final_tool\TransReID\data\dinov2_benchmark_sets\obj001\positives\000000000110_d9d8400e25_person_003.jpg
registers/cls+mean,obj005,8,negative,0.11729490011930466,000000000077_c8263abc6a_person_002.jpg,C:\Users\Karsel\Desktop\Final_tool\TransReID\data\dinov2_benchmark_sets\obj008\positives\000000000077_c8263abc6a_person_002.jpg
registers/cls+mean,obj005,9,negative,0.09050539135932922,000000000089_15825807a0_book_009.jpg,C:\Users\Karsel\Desktop\Final_tool\TransReID\data\dinov2_benchmark_sets\obj009\positives\000000000089_15825807a0_book_009.jpg
registers/cls+mean,obj005,10,negative,0.08525194227695465,000000000109_75925eea5f_bench_002.jpg,C:\Users\Karsel\Desktop\Final_tool\TransReID\data\dinov2_benchmark_sets\obj010\positives\000000000109_75925eea5f_bench_002.jpg
registers/cls+mean,obj005,11,negative,0.03597913682460785,000000000073_0145c50ed4_motorcycle_001.jpg,C:\Users\Karsel\Desktop\Final_tool\TransReID\data\dinov2_benchmark_sets\obj007\query\000000000073_0145c50ed4_motorcycle_001.jpg
registers/cls+mean,obj006,1,positive,0.8761640787124634,000000000072_46397b6948_giraffe_002.jpg,C:\Users\Karsel\Desktop\Final_tool\TransReID\data\dinov2_benchmark_sets\obj006\positives\000000000072_46397b6948_giraffe_002.jpg
registers/cls+mean,obj006,2,negative,0.7483158111572266,000000000025_88363d6214_giraffe_002.jpg,C:\Users\Karsel\Desktop\Final_tool\TransReID\data\dinov2_benchmark_sets\obj003\positives\000000000025_88363d6214_giraffe_002.jpg
registers/cls+mean,obj006,3,negative,0.13889363408088684,000000000061_07e10cc871_elephant_002.jpg,C:\Users\Karsel\Desktop\Final_tool\TransReID\data\dinov2_benchmark_sets\obj005\positives\000000000061_07e10cc871_elephant_002.jpg
registers/cls+mean,obj006,4,negative,0.13361167907714844,000000000061_07e10cc871_elephant_001.jpg,C:\Users\Karsel\Desktop\Final_tool\TransReID\data\dinov2_benchmark_sets\obj005\query\000000000061_07e10cc871_elephant_001.jpg
registers/cls+mean,obj006,5,negative,0.05712592229247093,000000000110_d9d8400e25_person_001.jpg,C:\Users\Karsel\Desktop\Final_tool\TransReID\data\dinov2_benchmark_sets\obj001\query\000000000110_d9d8400e25_person_001.jpg
registers/cls+mean,obj006,6,negative,0.05357322096824646,000000000110_d9d8400e25_person_003.jpg,C:\Users\Karsel\Desktop\Final_tool\TransReID\data\dinov2_benchmark_sets\obj001\positives\000000000110_d9d8400e25_person_003.jpg
registers/cls+mean,obj006,7,negative,0.027495721355080605,000000000073_0145c50ed4_motorcycle_001.jpg,C:\Users\Karsel\Desktop\Final_tool\TransReID\data\dinov2_benchmark_sets\obj007\query\000000000073_0145c50ed4_motorcycle_001.jpg
registers/cls+mean,obj006,8,negative,0.012486174702644348,000000000009_4547c12650_bowl_004.jpg,C:\Users\Karsel\Desktop\Final_tool\TransReID\data\dinov2_benchmark_sets\obj002\positives\000000000009_4547c12650_bowl_004.jpg
registers/cls+mean,obj006,9,negative,0.005506009329110384,000000000009_4547c12650_bowl_003.jpg,C:\Users\Karsel\Desktop\Final_tool\TransReID\data\dinov2_benchmark_sets\obj002\positives\000000000009_4547c12650_bowl_003.jpg
registers/cls+mean,obj006,10,negative,-0.013558493927121162,000000000089_15825807a0_book_009.jpg,C:\Users\Karsel\Desktop\Final_tool\TransReID\data\dinov2_benchmark_sets\obj009\positives\000000000089_15825807a0_book_009.jpg
registers/cls+mean,obj006,11,negative,-0.02094644494354725,000000000109_75925eea5f_bench_001.jpg,C:\Users\Karsel\Desktop\Final_tool\TransReID\data\dinov2_benchmark_sets\obj010\query\000000000109_75925eea5f_bench_001.jpg
registers/cls+mean,obj007,1,positive,0.6839842200279236,000000000073_0145c50ed4_motorcycle_002.jpg,C:\Users\Karsel\Desktop\Final_tool\TransReID\data\dinov2_benchmark_sets\obj007\positives\000000000073_0145c50ed4_motorcycle_002.jpg
registers/cls+mean,obj007,2,negative,0.051992595195770264,000000000109_75925eea5f_bench_001.jpg,C:\Users\Karsel\Desktop\Final_tool\TransReID\data\dinov2_benchmark_sets\obj010\query\000000000109_75925eea5f_bench_001.jpg
registers/cls+mean,obj007,3,negative,0.05190689116716385,000000000049_137127a32f_horse_001.jpg,C:\Users\Karsel\Desktop\Final_tool\TransReID\data\dinov2_benchmark_sets\obj004\query\000000000049_137127a32f_horse_001.jpg
registers/cls+mean,obj007,4,negative,0.038380056619644165,000000000061_07e10cc871_elephant_002.jpg,C:\Users\Karsel\Desktop\Final_tool\TransReID\data\dinov2_benchmark_sets\obj005\positives\000000000061_07e10cc871_elephant_002.jpg
registers/cls+mean,obj007,5,negative,0.038274072110652924,000000000109_75925eea5f_bench_002.jpg,C:\Users\Karsel\Desktop\Final_tool\TransReID\data\dinov2_benchmark_sets\obj010\positives\000000000109_75925eea5f_bench_002.jpg
registers/cls+mean,obj007,6,negative,0.03559938445687294,000000000009_4547c12650_bowl_003.jpg,C:\Users\Karsel\Desktop\Final_tool\TransReID\data\dinov2_benchmark_sets\obj002\positives\000000000009_4547c12650_bowl_003.jpg
registers/cls+mean,obj007,7,negative,0.03533250093460083,000000000009_4547c12650_bowl_004.jpg,C:\Users\Karsel\Desktop\Final_tool\TransReID\data\dinov2_benchmark_sets\obj002\positives\000000000009_4547c12650_bowl_004.jpg
registers/cls+mean,obj007,8,negative,0.027495723217725754,000000000072_46397b6948_giraffe_001.jpg,C:\Users\Karsel\Desktop\Final_tool\TransReID\data\dinov2_benchmark_sets\obj006\query\000000000072_46397b6948_giraffe_001.jpg
registers/cls+mean,obj007,9,negative,0.02263745293021202,000000000025_88363d6214_giraffe_001.jpg,C:\Users\Karsel\Desktop\Final_tool\TransReID\data\dinov2_benchmark_sets\obj003\query\000000000025_88363d6214_giraffe_001.jpg
registers/cls+mean,obj007,10,negative,0.01814296841621399,000000000072_46397b6948_giraffe_002.jpg,C:\Users\Karsel\Desktop\Final_tool\TransReID\data\dinov2_benchmark_sets\obj006\positives\000000000072_46397b6948_giraffe_002.jpg
registers/cls+mean,obj007,11,negative,0.013080168515443802,000000000009_4547c12650_bowl_002.jpg,C:\Users\Karsel\Desktop\Final_tool\TransReID\data\dinov2_benchmark_sets\obj002\query\000000000009_4547c12650_bowl_002.jpg
registers/cls+mean,obj008,1,positive,0.5823062658309937,000000000077_c8263abc6a_person_002.jpg,C:\Users\Karsel\Desktop\Final_tool\TransReID\data\dinov2_benchmark_sets\obj008\positives\000000000077_c8263abc6a_person_002.jpg
registers/cls+mean,obj008,2,negative,0.1488150656223297,000000000049_137127a32f_horse_002.jpg,C:\Users\Karsel\Desktop\Final_tool\TransReID\data\dinov2_benchmark_sets\obj004\positives\000000000049_137127a32f_horse_002.jpg
registers/cls+mean,obj008,3,negative,0.09285470843315125,000000000025_88363d6214_giraffe_002.jpg,C:\Users\Karsel\Desktop\Final_tool\TransReID\data\dinov2_benchmark_sets\obj003\positives\000000000025_88363d6214_giraffe_002.jpg
registers/cls+mean,obj008,4,negative,0.08916580677032471,000000000061_07e10cc871_elephant_002.jpg,C:\Users\Karsel\Desktop\Final_tool\TransReID\data\dinov2_benchmark_sets\obj005\positives\000000000061_07e10cc871_elephant_002.jpg
registers/cls+mean,obj008,5,negative,0.08657640218734741,000000000072_46397b6948_giraffe_002.jpg,C:\Users\Karsel\Desktop\Final_tool\TransReID\data\dinov2_benchmark_sets\obj006\positives\000000000072_46397b6948_giraffe_002.jpg
registers/cls+mean,obj008,6,negative,0.08584252744913101,000000000061_07e10cc871_elephant_001.jpg,C:\Users\Karsel\Desktop\Final_tool\TransReID\data\dinov2_benchmark_sets\obj005\query\000000000061_07e10cc871_elephant_001.jpg
registers/cls+mean,obj008,7,negative,0.06916959583759308,000000000072_46397b6948_giraffe_001.jpg,C:\Users\Karsel\Desktop\Final_tool\TransReID\data\dinov2_benchmark_sets\obj006\query\000000000072_46397b6948_giraffe_001.jpg
registers/cls+mean,obj008,8,negative,0.036277271807193756,000000000089_15825807a0_book_008.jpg,C:\Users\Karsel\Desktop\Final_tool\TransReID\data\dinov2_benchmark_sets\obj009\query\000000000089_15825807a0_book_008.jpg
registers/cls+mean,obj008,9,negative,0.02556004747748375,000000000089_15825807a0_book_009.jpg,C:\Users\Karsel\Desktop\Final_tool\TransReID\data\dinov2_benchmark_sets\obj009\positives\000000000089_15825807a0_book_009.jpg
registers/cls+mean,obj008,10,negative,-0.01072623860090971,000000000009_4547c12650_bowl_002.jpg,C:\Users\Karsel\Desktop\Final_tool\TransReID\data\dinov2_benchmark_sets\obj002\query\000000000009_4547c12650_bowl_002.jpg
registers/cls+mean,obj008,11,negative,-0.03820497915148735,000000000009_4547c12650_bowl_003.jpg,C:\Users\Karsel\Desktop\Final_tool\TransReID\data\dinov2_benchmark_sets\obj002\positives\000000000009_4547c12650_bowl_003.jpg
registers/cls+mean,obj009,1,negative,0.43277180194854736,000000000109_75925eea5f_bench_001.jpg,C:\Users\Karsel\Desktop\Final_tool\TransReID\data\dinov2_benchmark_sets\obj010\query\000000000109_75925eea5f_bench_001.jpg
registers/cls+mean,obj009,2,positive,0.276995986700058,000000000089_15825807a0_book_009.jpg,C:\Users\Karsel\Desktop\Final_tool\TransReID\data\dinov2_benchmark_sets\obj009\positives\000000000089_15825807a0_book_009.jpg
registers/cls+mean,obj009,3,negative,0.11070938408374786,000000000061_07e10cc871_elephant_002.jpg,C:\Users\Karsel\Desktop\Final_tool\TransReID\data\dinov2_benchmark_sets\obj005\positives\000000000061_07e10cc871_elephant_002.jpg
registers/cls+mean,obj009,4,negative,0.03387068957090378,000000000049_137127a32f_horse_001.jpg,C:\Users\Karsel\Desktop\Final_tool\TransReID\data\dinov2_benchmark_sets\obj004\query\000000000049_137127a32f_horse_001.jpg
registers/cls+mean,obj009,5,negative,0.02661234140396118,000000000009_4547c12650_bowl_003.jpg,C:\Users\Karsel\Desktop\Final_tool\TransReID\data\dinov2_benchmark_sets\obj002\positives\000000000009_4547c12650_bowl_003.jpg
registers/cls+mean,obj009,6,negative,0.022584330290555954,000000000110_d9d8400e25_person_001.jpg,C:\Users\Karsel\Desktop\Final_tool\TransReID\data\dinov2_benchmark_sets\obj001\query\000000000110_d9d8400e25_person_001.jpg
registers/cls+mean,obj009,7,negative,0.020936284214258194,000000000025_88363d6214_giraffe_001.jpg,C:\Users\Karsel\Desktop\Final_tool\TransReID\data\dinov2_benchmark_sets\obj003\query\000000000025_88363d6214_giraffe_001.jpg
registers/cls+mean,obj009,8,negative,0.011945793405175209,000000000073_0145c50ed4_motorcycle_002.jpg,C:\Users\Karsel\Desktop\Final_tool\TransReID\data\dinov2_benchmark_sets\obj007\positives\000000000073_0145c50ed4_motorcycle_002.jpg
registers/cls+mean,obj009,9,negative,0.0004616333171725273,000000000072_46397b6948_giraffe_001.jpg,C:\Users\Karsel\Desktop\Final_tool\TransReID\data\dinov2_benchmark_sets\obj006\query\000000000072_46397b6948_giraffe_001.jpg
registers/cls+mean,obj009,10,negative,-0.0031070010736584663,000000000072_46397b6948_giraffe_002.jpg,C:\Users\Karsel\Desktop\Final_tool\TransReID\data\dinov2_benchmark_sets\obj006\positives\000000000072_46397b6948_giraffe_002.jpg
registers/cls+mean,obj009,11,negative,-0.010854745283722878,000000000049_137127a32f_horse_002.jpg,C:\Users\Karsel\Desktop\Final_tool\TransReID\data\dinov2_benchmark_sets\obj004\positives\000000000049_137127a32f_horse_002.jpg
registers/cls+mean,obj010,1,positive,0.7915695905685425,000000000109_75925eea5f_bench_002.jpg,C:\Users\Karsel\Desktop\Final_tool\TransReID\data\dinov2_benchmark_sets\obj010\positives\000000000109_75925eea5f_bench_002.jpg
registers/cls+mean,obj010,2,negative,0.1486240029335022,000000000061_07e10cc871_elephant_001.jpg,C:\Users\Karsel\Desktop\Final_tool\TransReID\data\dinov2_benchmark_sets\obj005\query\000000000061_07e10cc871_elephant_001.jpg
registers/cls+mean,obj010,3,negative,0.10592222213745117,000000000061_07e10cc871_elephant_002.jpg,C:\Users\Karsel\Desktop\Final_tool\TransReID\data\dinov2_benchmark_sets\obj005\positives\000000000061_07e10cc871_elephant_002.jpg
registers/cls+mean,obj010,4,negative,0.04768854379653931,000000000073_0145c50ed4_motorcycle_002.jpg,C:\Users\Karsel\Desktop\Final_tool\TransReID\data\dinov2_benchmark_sets\obj007\positives\000000000073_0145c50ed4_motorcycle_002.jpg
registers/cls+mean,obj010,5,negative,0.02487820014357567,000000000009_4547c12650_bowl_003.jpg,C:\Users\Karsel\Desktop\Final_tool\TransReID\data\dinov2_benchmark_sets\obj002\positives\000000000009_4547c12650_bowl_003.jpg
registers/cls+mean,obj010,6,negative,0.01954174041748047,000000000009_4547c12650_bowl_002.jpg,C:\Users\Karsel\Desktop\Final_tool\TransReID\data\dinov2_benchmark_sets\obj002\query\000000000009_4547c12650_bowl_002.jpg
registers/cls+mean,obj010,7,negative,0.01646185666322708,000000000049_137127a32f_horse_001.jpg,C:\Users\Karsel\Desktop\Final_tool\TransReID\data\dinov2_benchmark_sets\obj004\query\000000000049_137127a32f_horse_001.jpg
registers/cls+mean,obj010,8,negative,-0.0071945879608392715,000000000025_88363d6214_giraffe_001.jpg,C:\Users\Karsel\Desktop\Final_tool\TransReID\data\dinov2_benchmark_sets\obj003\query\000000000025_88363d6214_giraffe_001.jpg
registers/cls+mean,obj010,9,negative,-0.013242431916296482,000000000049_137127a32f_horse_002.jpg,C:\Users\Karsel\Desktop\Final_tool\TransReID\data\dinov2_benchmark_sets\obj004\positives\000000000049_137127a32f_horse_002.jpg
registers/cls+mean,obj010,10,negative,-0.01480936724692583,000000000072_46397b6948_giraffe_002.jpg,C:\Users\Karsel\Desktop\Final_tool\TransReID\data\dinov2_benchmark_sets\obj006\positives\000000000072_46397b6948_giraffe_002.jpg
registers/cls+mean,obj010,11,negative,-0.02094644494354725,000000000072_46397b6948_giraffe_001.jpg,C:\Users\Karsel\Desktop\Final_tool\TransReID\data\dinov2_benchmark_sets\obj006\query\000000000072_46397b6948_giraffe_001.jpg
